Order_ID,Order_Date,Customer,State,Category,Product,Quantity,Unit_Price,Discount_Percent,Sales,Profit,Payment_Method,Year,Month,Month_Name,Year_Month,Profit_Margin,Discount_Amount
ORD10952,2025-01-01,Customer_107,Kerala,Home & Kitchen,Bottle,2,794,0,1588.0,160.11,Debit Card,2025,1,January,2025-01,10.082493702770781,0.0
ORD10627,2025-01-01,Customer_116,Karnataka,Electronics,Headphones,2,3130,10,5634.0,791.15,Net Banking,2025,1,January,2025-01,14.042421015264464,626.0
ORD10013,2025-01-01,Customer_137,Tamil Nadu,Clothing,Jacket,2,4011,0,8022.0,1778.63,Net Banking,2025,1,January,2025-01,22.17190226876091,0.0
ORD10946,2025-01-02,Customer_153,Tamil Nadu,Clothing,Backpack,1,2070,5,1966.5,177.45,Debit Card,2025,1,January,2025-01,9.023646071700991,103.5
ORD10900,2025-01-02,Customer_196,Telangana,Clothing,Jacket,4,4300,10,15480.0,1738.08,UPI,2025,1,January,2025-01,11.227906976744185,1720.0
ORD10219,2025-01-02,Customer_072,Kerala,Home & Kitchen,Bottle,1,642,0,642.0,62.58,Debit Card,2025,1,January,2025-01,9.74766355140187,0.0
ORD10783,2025-01-03,Customer_054,Karnataka,Home & Kitchen,Mixer,2,5673,10,10211.4,1703.23,Credit Card,2025,1,January,2025-01,16.679691325381437,1134.6
ORD10388,2025-01-04,Customer_001,Karnataka,Clothing,T-Shirt,2,1564,5,2971.6,248.3,UPI,2025,1,January,2025-01,8.355767936465204,156.4
ORD10610,2025-01-04,Customer_067,Tamil Nadu,Home & Kitchen,Cookware Set,5,4836,5,22971.0,4540.19,Credit Card,2025,1,January,2025-01,19.764877454181356,1209.0
ORD10666,2025-01-04,Customer_115,Delhi,Electronics,Keyboard,2,2387,20,3819.2,364.89,Net Banking,2025,1,January,2025-01,9.554095098449936,954.8
ORD10306,2025-01-05,Customer_166,Delhi,Electronics,Laptop,2,58654,10,105577.2,21227.7,Net Banking,2025,1,January,2025-01,20.106329775747035,11730.8
ORD10895,2025-01-06,Customer_077,Maharashtra,Home & Kitchen,Cookware Set,4,3969,15,13494.6,1333.3,Credit Card,2025,1,January,2025-01,9.880248395654558,2381.4
ORD10466,2025-01-07,Customer_184,Telangana,Clothing,Jeans,3,1564,10,4222.8,427.09,Debit Card,2025,1,January,2025-01,10.113905465567868,469.2
ORD10941,2025-01-07,Customer_023,Tamil Nadu,Home & Kitchen,Dinner Set,2,1618,5,3074.2,719.06,Net Banking,2025,1,January,2025-01,23.390150283000455,161.8
ORD10226,2025-01-08,Customer_150,Kerala,Furniture,Bookshelf,1,9748,0,9748.0,1764.59,Credit Card,2025,1,January,2025-01,18.102072219942553,0.0
ORD10018,2025-01-10,Customer_009,Karnataka,Home & Kitchen,Cookware Set,3,5025,5,14321.25,1403.46,UPI,2025,1,January,2025-01,9.799842890809114,753.75
ORD10816,2025-01-10,Customer_087,Andhra Pradesh,Electronics,Monitor,5,24493,0,122465.0,19392.67,Cash,2025,1,January,2025-01,15.83527538480382,0.0
ORD10341,2025-01-11,Customer_046,Delhi,Clothing,Shoes,2,6158,5,11700.2,2086.66,UPI,2025,1,January,2025-01,17.834395993230885,615.8
ORD10211,2025-01-12,Customer_134,Maharashtra,Clothing,Backpack,5,2728,0,13640.0,1184.27,Net Banking,2025,1,January,2025-01,8.68233137829912,0.0
ORD10038,2025-01-13,Customer_014,Tamil Nadu,Electronics,Laptop,4,70188,0,280752.0,64755.7,Net Banking,2025,1,January,2025-01,23.065089473984155,0.0
ORD10707,2025-01-13,Customer_098,Kerala,Home & Kitchen,Mixer,3,4724,5,13463.4,3105.32,UPI,2025,1,January,2025-01,23.06490188213973,708.6
ORD10566,2025-01-14,Customer_191,Telangana,Furniture,Desk,5,24108,0,120540.0,23381.61,Cash,2025,1,January,2025-01,19.397386759581885,0.0
ORD10874,2025-01-14,Customer_139,Kerala,Electronics,Mobile,4,25379,0,101516.0,14075.48,Net Banking,2025,1,January,2025-01,13.865282320028369,0.0
ORD10075,2025-01-14,Customer_185,Maharashtra,Electronics,Laptop,2,57763,10,103973.4,15391.82,Net Banking,2025,1,January,2025-01,14.803613231845839,11552.6
ORD10195,2025-01-14,Customer_107,Karnataka,Clothing,Jeans,1,2285,20,1828.0,236.19,Debit Card,2025,1,January,2025-01,12.920678336980307,457.0
ORD10322,2025-01-16,Customer_087,Maharashtra,Electronics,Laptop,4,58395,10,210222.0,28072.23,Credit Card,2025,1,January,2025-01,13.353611895995662,23358.0
ORD10756,2025-01-16,Customer_116,Maharashtra,Furniture,Sofa,2,45154,0,90308.0,21183.81,Debit Card,2025,1,January,2025-01,23.457290605483458,0.0
ORD10923,2025-01-16,Customer_089,Delhi,Electronics,Monitor,5,21867,0,109335.0,15170.07,Debit Card,2025,1,January,2025-01,13.874852517492112,0.0
ORD10549,2025-01-17,Customer_116,Kerala,Furniture,Table,4,13094,20,41900.8,9350.92,Net Banking,2025,1,January,2025-01,22.316805407056666,10475.2
ORD10639,2025-01-17,Customer_101,Andhra Pradesh,Furniture,Office Chair,5,17737,5,84250.75,17371.34,Credit Card,2025,1,January,2025-01,20.618617638418648,4434.25
ORD10160,2025-01-18,Customer_072,Kerala,Home & Kitchen,Cookware Set,3,2949,15,7519.95,1063.19,Cash,2025,1,January,2025-01,14.138258897997993,1327.05
ORD10259,2025-01-18,Customer_192,Delhi,Home & Kitchen,Cookware Set,2,2955,5,5614.5,1082.76,Net Banking,2025,1,January,2025-01,19.285065455516964,295.5
ORD10169,2025-01-19,Customer_170,Andhra Pradesh,Clothing,Shoes,2,6382,0,12764.0,1584.92,Credit Card,2025,1,January,2025-01,12.417110623628957,0.0
ORD10210,2025-01-19,Customer_113,Tamil Nadu,Electronics,Laptop,3,47044,10,127018.8,27832.95,Net Banking,2025,1,January,2025-01,21.912464926451833,14113.2
ORD10519,2025-01-19,Customer_198,Tamil Nadu,Home & Kitchen,Air Fryer,5,7732,10,34794.0,6725.98,Debit Card,2025,1,January,2025-01,19.33086164281198,3866.0
ORD10463,2025-01-19,Customer_019,Maharashtra,Furniture,Sofa,1,17352,5,16484.4,3514.31,UPI,2025,1,January,2025-01,21.319004634684912,867.6
ORD10552,2025-01-19,Customer_146,Kerala,Home & Kitchen,Air Fryer,1,7119,0,7119.0,775.12,Cash,2025,1,January,2025-01,10.88804607388678,0.0
ORD10235,2025-01-20,Customer_151,Maharashtra,Home & Kitchen,Cookware Set,5,2978,15,12656.5,1514.56,Cash,2025,1,January,2025-01,11.966657448741753,2233.5
ORD10975,2025-01-21,Customer_033,Telangana,Home & Kitchen,Mixer,3,5160,5,14706.0,1898.91,Cash,2025,1,January,2025-01,12.9124847001224,774.0
ORD10792,2025-01-21,Customer_183,Delhi,Home & Kitchen,Cookware Set,5,4161,0,20805.0,4323.49,Credit Card,2025,1,January,2025-01,20.781014179283826,0.0
ORD10514,2025-01-25,Customer_092,Maharashtra,Furniture,Sofa,5,41421,10,186394.5,16799.7,Credit Card,2025,1,January,2025-01,9.012980533223889,20710.5
ORD10266,2025-01-25,Customer_067,Andhra Pradesh,Furniture,Bookshelf,4,7697,10,27709.2,2543.62,Credit Card,2025,1,January,2025-01,9.179694830597779,3078.8
ORD10342,2025-01-26,Customer_158,Telangana,Home & Kitchen,Bottle,3,1441,15,3674.55,727.13,UPI,2025,1,January,2025-01,19.788273394021036,648.45
ORD10830,2025-01-26,Customer_139,Telangana,Home & Kitchen,Bottle,4,922,0,3688.0,324.63,UPI,2025,1,January,2025-01,8.802331887201735,0.0
ORD10592,2025-01-27,Customer_090,Tamil Nadu,Home & Kitchen,Bottle,1,1388,20,1110.4,276.19,Net Banking,2025,1,January,2025-01,24.87301873198847,277.6
ORD10404,2025-01-28,Customer_185,Andhra Pradesh,Electronics,Monitor,2,12267,5,23307.3,3361.67,Credit Card,2025,1,January,2025-01,14.42324936822369,1226.7
ORD10950,2025-01-28,Customer_031,Andhra Pradesh,Electronics,Mobile,2,20199,5,38378.1,4142.1,Net Banking,2025,1,January,2025-01,10.79287406098791,2019.9
ORD10785,2025-01-29,Customer_107,Delhi,Furniture,Sofa,5,23016,0,115080.0,15311.5,Debit Card,2025,1,January,2025-01,13.305092109836636,0.0
ORD10487,2025-01-30,Customer_088,Tamil Nadu,Clothing,Jeans,1,2827,0,2827.0,535.64,Net Banking,2025,1,January,2025-01,18.947293951185003,0.0
ORD10859,2025-01-31,Customer_085,Karnataka,Furniture,Office Chair,3,16594,15,42314.7,6422.22,UPI,2025,1,January,2025-01,15.17727881799942,7467.3
ORD10010,2025-02-01,Customer_069,Delhi,Furniture,Bookshelf,1,11087,0,11087.0,1555.43,Credit Card,2025,2,February,2025-02,14.02931361053486,0.0
ORD10027,2025-02-01,Customer_120,Maharashtra,Furniture,Table,2,8135,5,15456.5,3410.34,UPI,2025,2,February,2025-02,22.064115420696794,813.5
ORD10957,2025-02-05,Customer_043,Telangana,Home & Kitchen,Bottle,2,1053,20,1684.8,189.24,Net Banking,2025,2,February,2025-02,11.232193732193734,421.2
ORD10453,2025-02-06,Customer_153,Delhi,Furniture,Desk,5,24800,15,105400.0,19105.39,Debit Card,2025,2,February,2025-02,18.1265559772296,18600.0
ORD10600,2025-02-07,Customer_139,Tamil Nadu,Furniture,Desk,2,14068,15,23915.6,2648.69,Debit Card,2025,2,February,2025-02,11.075155965144091,4220.4
ORD10782,2025-02-08,Customer_002,Telangana,Clothing,Jacket,5,5548,10,24966.0,4737.88,Net Banking,2025,2,February,2025-02,18.977329167668028,2774.0
ORD10939,2025-02-08,Customer_140,Karnataka,Furniture,Office Chair,1,16617,0,16617.0,2393.97,Debit Card,2025,2,February,2025-02,14.406752121321537,0.0
ORD10257,2025-02-08,Customer_070,Tamil Nadu,Clothing,Jeans,3,4000,5,11400.0,1250.47,Cash,2025,2,February,2025-02,10.969035087719298,600.0
ORD10977,2025-02-08,Customer_042,Karnataka,Home & Kitchen,Air Fryer,5,11618,0,58090.0,8531.36,Credit Card,2025,2,February,2025-02,14.686452057152696,0.0
ORD10336,2025-02-09,Customer_123,Kerala,Home & Kitchen,Dinner Set,2,2866,0,5732.0,1123.31,Debit Card,2025,2,February,2025-02,19.597173761339846,0.0
ORD10714,2025-02-09,Customer_185,Kerala,Home & Kitchen,Dinner Set,1,1928,0,1928.0,390.28,UPI,2025,2,February,2025-02,20.24273858921162,0.0
ORD10051,2025-02-10,Customer_057,Maharashtra,Clothing,Jacket,4,3083,0,12332.0,2732.75,Net Banking,2025,2,February,2025-02,22.15982808952319,0.0
ORD10886,2025-02-11,Customer_056,Maharashtra,Electronics,Headphones,1,9350,5,8882.5,1803.9,Credit Card,2025,2,February,2025-02,20.308471714044472,467.5
ORD10372,2025-02-11,Customer_180,Kerala,Home & Kitchen,Dinner Set,5,3467,10,15601.5,3076.35,Cash,2025,2,February,2025-02,19.718296317661764,1733.5
ORD10473,2025-02-11,Customer_161,Andhra Pradesh,Clothing,T-Shirt,3,1877,10,5067.9,850.23,Credit Card,2025,2,February,2025-02,16.77677144379329,563.1
ORD10546,2025-02-11,Customer_025,Delhi,Home & Kitchen,Mixer,3,6677,15,17026.35,3230.7,Net Banking,2025,2,February,2025-02,18.974706851439095,3004.65
ORD10295,2025-02-11,Customer_095,Andhra Pradesh,Furniture,Office Chair,2,16196,20,25913.6,2665.94,Net Banking,2025,2,February,2025-02,10.287802543837985,6478.4
ORD10012,2025-02-12,Customer_106,Telangana,Clothing,Jeans,1,1675,0,1675.0,248.81,Net Banking,2025,2,February,2025-02,14.854328358208955,0.0
ORD10804,2025-02-12,Customer_033,Karnataka,Electronics,Laptop,5,64611,10,290749.5,25910.99,Credit Card,2025,2,February,2025-02,8.911791765764,32305.5
ORD10444,2025-02-13,Customer_060,Kerala,Home & Kitchen,Dinner Set,1,3532,0,3532.0,606.97,UPI,2025,2,February,2025-02,17.18488108720272,0.0
ORD10649,2025-02-14,Customer_067,Andhra Pradesh,Home & Kitchen,Dinner Set,3,3368,0,10104.0,1856.29,Cash,2025,2,February,2025-02,18.371832937450513,0.0
ORD10457,2025-02-14,Customer_057,Telangana,Furniture,Table,5,9619,0,48095.0,8643.93,Cash,2025,2,February,2025-02,17.97261669612226,0.0
ORD10912,2025-02-15,Customer_007,Andhra Pradesh,Electronics,Laptop,2,53811,5,102240.9,16187.26,UPI,2025,2,February,2025-02,15.83247017582983,5381.1
ORD10103,2025-02-15,Customer_058,Tamil Nadu,Furniture,Office Chair,4,13915,20,44528.0,5332.15,UPI,2025,2,February,2025-02,11.974824829320877,11132.0
ORD10794,2025-02-15,Customer_101,Kerala,Home & Kitchen,Air Fryer,2,7851,0,15702.0,3780.69,Credit Card,2025,2,February,2025-02,24.07776079480321,0.0
ORD10587,2025-02-16,Customer_132,Kerala,Furniture,Desk,5,10208,5,48488.0,11482.63,Net Banking,2025,2,February,2025-02,23.681385084969474,2552.0
ORD10837,2025-02-16,Customer_038,Telangana,Clothing,Jeans,1,3976,0,3976.0,519.69,Net Banking,2025,2,February,2025-02,13.070674044265596,0.0
ORD10942,2025-02-18,Customer_200,Maharashtra,Electronics,Monitor,5,23122,0,115610.0,18937.23,Net Banking,2025,2,February,2025-02,16.38026987284837,0.0
ORD10100,2025-02-18,Customer_077,Kerala,Electronics,Mobile,5,44602,5,211859.5,40781.3,UPI,2025,2,February,2025-02,19.24921941192158,11150.5
ORD10742,2025-02-18,Customer_189,Telangana,Furniture,Desk,5,13935,0,69675.0,13530.22,UPI,2025,2,February,2025-02,19.419045568711876,0.0
ORD10821,2025-02-18,Customer_084,Andhra Pradesh,Clothing,T-Shirt,3,1018,0,3054.0,679.84,Debit Card,2025,2,February,2025-02,22.260641781270465,0.0
ORD10488,2025-02-18,Customer_085,Karnataka,Home & Kitchen,Mixer,5,3803,15,16162.75,2339.75,Credit Card,2025,2,February,2025-02,14.476187529968602,2852.25
ORD10806,2025-02-20,Customer_032,Tamil Nadu,Home & Kitchen,Dinner Set,4,4758,15,16177.2,2601.79,Net Banking,2025,2,February,2025-02,16.083067527136958,2854.8
ORD10427,2025-02-20,Customer_128,Karnataka,Electronics,Laptop,5,52069,5,247327.75,39859.53,Cash,2025,2,February,2025-02,16.116076744320036,13017.25
ORD10248,2025-02-20,Customer_153,Tamil Nadu,Electronics,Headphones,4,4736,0,18944.0,2584.63,Net Banking,2025,2,February,2025-02,13.64352829391892,0.0
ORD10166,2025-02-20,Customer_083,Telangana,Electronics,Monitor,1,24432,0,24432.0,4850.19,Cash,2025,2,February,2025-02,19.851792730844792,0.0
ORD10670,2025-02-21,Customer_082,Maharashtra,Clothing,Backpack,1,3259,0,3259.0,549.58,Cash,2025,2,February,2025-02,16.863455047560603,0.0
ORD10743,2025-02-21,Customer_199,Tamil Nadu,Furniture,Bookshelf,4,9093,0,36372.0,7419.26,Net Banking,2025,2,February,2025-02,20.398273397118665,0.0
ORD10472,2025-02-24,Customer_073,Andhra Pradesh,Home & Kitchen,Dinner Set,3,3946,15,10062.3,1498.5,Net Banking,2025,2,February,2025-02,14.892221460302318,1775.7
ORD10530,2025-02-24,Customer_182,Telangana,Furniture,Sofa,2,44535,10,80163.0,11629.51,UPI,2025,2,February,2025-02,14.507328817534274,8907.0
ORD10683,2025-02-25,Customer_057,Tamil Nadu,Clothing,Shoes,5,5949,5,28257.75,3129.08,UPI,2025,2,February,2025-02,11.073351558422026,1487.25
ORD10026,2025-02-25,Customer_134,Tamil Nadu,Furniture,Bookshelf,4,4898,15,16653.2,1776.2,UPI,2025,2,February,2025-02,10.66581798092859,2938.8
ORD10954,2025-02-25,Customer_133,Karnataka,Home & Kitchen,Mixer,1,7658,0,7658.0,773.87,Cash,2025,2,February,2025-02,10.105379994776705,0.0
ORD10518,2025-02-26,Customer_003,Kerala,Furniture,Desk,4,16485,20,52752.0,6253.82,UPI,2025,2,February,2025-02,11.855133454655748,13188.0
ORD10568,2025-02-26,Customer_031,Karnataka,Home & Kitchen,Bottle,3,779,10,2103.3,315.15,Net Banking,2025,2,February,2025-02,14.983597204393096,233.7
ORD10304,2025-02-26,Customer_152,Tamil Nadu,Furniture,Office Chair,2,9615,10,17307.0,1732.38,Debit Card,2025,2,February,2025-02,10.009707054948866,1923.0
ORD10255,2025-02-26,Customer_120,Kerala,Electronics,Mobile,4,22332,10,80395.2,12259.28,UPI,2025,2,February,2025-02,15.248771070909708,8932.8
ORD10267,2025-02-26,Customer_139,Karnataka,Home & Kitchen,Air Fryer,5,9926,0,49630.0,4728.7,UPI,2025,2,February,2025-02,9.527906508160386,0.0
ORD10713,2025-02-26,Customer_026,Tamil Nadu,Electronics,Mobile,4,46716,5,177520.8,44288.14,Debit Card,2025,2,February,2025-02,24.94814128823214,9343.2
ORD10491,2025-02-27,Customer_144,Karnataka,Home & Kitchen,Dinner Set,3,2134,10,5761.8,1344.85,Net Banking,2025,2,February,2025-02,23.340796278940605,640.2
ORD10888,2025-02-27,Customer_129,Telangana,Furniture,Table,1,15033,0,15033.0,2302.92,Net Banking,2025,2,February,2025-02,15.319097984434245,0.0
ORD10857,2025-02-27,Customer_149,Delhi,Clothing,Jacket,3,2779,15,7086.45,1284.15,UPI,2025,2,February,2025-02,18.121203141206106,1250.55
ORD10988,2025-02-28,Customer_114,Delhi,Home & Kitchen,Mixer,2,6922,5,13151.8,2275.23,UPI,2025,2,February,2025-02,17.29976124941073,692.2
ORD10418,2025-02-28,Customer_076,Delhi,Furniture,Table,2,15951,10,28711.8,5516.9,UPI,2025,2,February,2025-02,19.2147479433543,3190.2
ORD10460,2025-03-03,Customer_093,Karnataka,Clothing,Jeans,5,2501,5,11879.75,1913.38,Net Banking,2025,3,March,2025-03,16.106231191733833,625.25
ORD10396,2025-03-04,Customer_057,Tamil Nadu,Home & Kitchen,Mixer,1,7999,5,7599.05,1584.88,Credit Card,2025,3,March,2025-03,20.856291246932184,399.95
ORD10784,2025-03-05,Customer_006,Delhi,Home & Kitchen,Cookware Set,4,3315,10,11934.0,1198.08,Net Banking,2025,3,March,2025-03,10.03921568627451,1326.0
ORD10726,2025-03-07,Customer_112,Tamil Nadu,Electronics,Headphones,2,4607,15,7831.9,944.85,Debit Card,2025,3,March,2025-03,12.064122371327521,1382.1
ORD10974,2025-03-07,Customer_091,Kerala,Clothing,Shoes,3,4337,5,12360.45,1585.99,Cash,2025,3,March,2025-03,12.831167150063305,650.55
ORD10694,2025-03-07,Customer_042,Kerala,Home & Kitchen,Bottle,1,624,0,624.0,68.15,Credit Card,2025,3,March,2025-03,10.921474358974361,0.0
ORD10795,2025-03-07,Customer_188,Maharashtra,Electronics,Headphones,4,4253,15,14460.2,1926.05,UPI,2025,3,March,2025-03,13.319663628442205,2551.8
ORD10894,2025-03-08,Customer_035,Delhi,Electronics,Mobile,3,23185,15,59121.75,11953.36,Credit Card,2025,3,March,2025-03,20.218210726170994,10433.25
ORD10131,2025-03-09,Customer_011,Telangana,Home & Kitchen,Cookware Set,4,1959,0,7836.0,1359.37,UPI,2025,3,March,2025-03,17.34775395610005,0.0
ORD10623,2025-03-09,Customer_048,Telangana,Clothing,Shoes,5,3515,0,17575.0,4034.03,UPI,2025,3,March,2025-03,22.953229018492177,0.0
ORD10967,2025-03-09,Customer_167,Maharashtra,Electronics,Headphones,2,3217,10,5790.6,967.05,Credit Card,2025,3,March,2025-03,16.700341933478395,643.4
ORD10354,2025-03-09,Customer_094,Kerala,Home & Kitchen,Bottle,2,1404,5,2667.6,598.86,Debit Card,2025,3,March,2025-03,22.44939271255061,140.4
ORD10406,2025-03-10,Customer_182,Karnataka,Home & Kitchen,Cookware Set,5,4764,10,21438.0,2951.62,UPI,2025,3,March,2025-03,13.768168672450788,2382.0
ORD10174,2025-03-10,Customer_033,Delhi,Home & Kitchen,Air Fryer,3,11079,0,33237.0,4982.95,Cash,2025,3,March,2025-03,14.992177392664802,0.0
ORD10490,2025-03-10,Customer_091,Delhi,Electronics,Monitor,2,14004,15,23806.8,4330.66,Net Banking,2025,3,March,2025-03,18.190853033587043,4201.2
ORD10727,2025-03-11,Customer_153,Maharashtra,Clothing,Backpack,2,1322,20,2115.2,441.8,Cash,2025,3,March,2025-03,20.886913767019667,528.8
ORD10254,2025-03-11,Customer_131,Telangana,Electronics,Headphones,3,8616,0,25848.0,4842.2,Net Banking,2025,3,March,2025-03,18.73336428350356,0.0
ORD10737,2025-03-11,Customer_139,Karnataka,Home & Kitchen,Bottle,5,1323,15,5622.75,1181.88,Debit Card,2025,3,March,2025-03,21.019607843137255,992.25
ORD10120,2025-03-12,Customer_057,Telangana,Electronics,Monitor,5,18794,10,84573.0,11171.55,UPI,2025,3,March,2025-03,13.209357596396012,9397.0
ORD10376,2025-03-12,Customer_020,Maharashtra,Home & Kitchen,Cookware Set,3,3620,0,10860.0,2526.57,UPI,2025,3,March,2025-03,23.264917127071826,0.0
ORD10167,2025-03-12,Customer_128,Telangana,Home & Kitchen,Air Fryer,3,6810,5,19408.5,2190.91,Net Banking,2025,3,March,2025-03,11.288404565010175,1021.5
ORD10878,2025-03-14,Customer_177,Maharashtra,Furniture,Desk,3,7072,5,20155.2,2364.97,Net Banking,2025,3,March,2025-03,11.733795745018654,1060.8
ORD10982,2025-03-14,Customer_151,Maharashtra,Home & Kitchen,Bottle,5,1039,15,4415.75,586.2,UPI,2025,3,March,2025-03,13.275208062050615,779.25
ORD10074,2025-03-14,Customer_131,Maharashtra,Furniture,Bookshelf,4,3587,0,14348.0,3457.13,UPI,2025,3,March,2025-03,24.094856425982716,0.0
ORD10890,2025-03-14,Customer_118,Kerala,Electronics,Laptop,5,61241,10,275584.5,46052.04,Net Banking,2025,3,March,2025-03,16.71067857589959,30620.5
ORD10659,2025-03-15,Customer_135,Tamil Nadu,Home & Kitchen,Air Fryer,3,4182,10,11291.4,1451.58,Cash,2025,3,March,2025-03,12.85562463467772,1254.6
ORD10024,2025-03-15,Customer_153,Maharashtra,Home & Kitchen,Cookware Set,3,1758,15,4482.9,659.86,Debit Card,2025,3,March,2025-03,14.719489616096727,791.1
ORD10044,2025-03-15,Customer_102,Telangana,Home & Kitchen,Air Fryer,2,6591,0,13182.0,2740.64,Credit Card,2025,3,March,2025-03,20.790775299651038,0.0
ORD10371,2025-03-16,Customer_133,Karnataka,Home & Kitchen,Dinner Set,5,2681,0,13405.0,2207.56,Net Banking,2025,3,March,2025-03,16.468183513614324,0.0
ORD10932,2025-03-16,Customer_028,Telangana,Home & Kitchen,Mixer,3,2856,10,7711.2,933.04,Net Banking,2025,3,March,2025-03,12.09980288411661,856.8
ORD10582,2025-03-17,Customer_154,Tamil Nadu,Electronics,Monitor,5,24906,15,105850.5,11689.64,UPI,2025,3,March,2025-03,11.043537819849693,18679.5
ORD10818,2025-03-17,Customer_199,Tamil Nadu,Clothing,T-Shirt,2,1164,5,2211.6,488.82,Cash,2025,3,March,2025-03,22.10255018990776,116.4
ORD10485,2025-03-19,Customer_196,Andhra Pradesh,Electronics,Headphones,3,5931,10,16013.7,1640.93,Cash,2025,3,March,2025-03,10.247038473307231,1779.3
ORD10653,2025-03-19,Customer_066,Karnataka,Clothing,Jacket,5,4628,10,20826.0,3149.87,UPI,2025,3,March,2025-03,15.124699894362815,2314.0
ORD10152,2025-03-19,Customer_073,Karnataka,Clothing,T-Shirt,2,653,0,1306.0,222.14,Net Banking,2025,3,March,2025-03,17.00918836140888,0.0
ORD10140,2025-03-20,Customer_044,Maharashtra,Electronics,Mobile,5,29761,0,148805.0,14316.73,Debit Card,2025,3,March,2025-03,9.621135042505292,0.0
ORD10004,2025-03-20,Customer_081,Telangana,Clothing,Backpack,4,2250,10,8100.0,1223.13,Debit Card,2025,3,March,2025-03,15.100370370370372,900.0
ORD10085,2025-03-20,Customer_179,Telangana,Clothing,Jeans,2,2898,10,5216.4,577.98,Net Banking,2025,3,March,2025-03,11.080055210489995,579.6
ORD10430,2025-03-21,Customer_188,Karnataka,Home & Kitchen,Mixer,2,2942,15,5001.4,741.45,UPI,2025,3,March,2025-03,14.824849042268168,882.6
ORD10510,2025-03-21,Customer_148,Karnataka,Furniture,Desk,1,16238,10,14614.2,1716.92,Debit Card,2025,3,March,2025-03,11.748299599020132,1623.8
ORD10557,2025-03-22,Customer_072,Karnataka,Home & Kitchen,Dinner Set,4,1880,0,7520.0,1059.45,Net Banking,2025,3,March,2025-03,14.08843085106383,0.0
ORD10212,2025-03-22,Customer_046,Kerala,Clothing,Backpack,5,2147,0,10735.0,2482.85,UPI,2025,3,March,2025-03,23.128551467163483,0.0
ORD10594,2025-03-23,Customer_075,Andhra Pradesh,Home & Kitchen,Mixer,1,2524,0,2524.0,577.07,Credit Card,2025,3,March,2025-03,22.86331220285262,0.0
ORD10753,2025-03-23,Customer_048,Karnataka,Furniture,Office Chair,4,17936,10,64569.6,8120.11,UPI,2025,3,March,2025-03,12.575747720289424,7174.4
ORD10072,2025-03-23,Customer_114,Karnataka,Furniture,Sofa,3,31087,5,88597.95,17195.61,Cash,2025,3,March,2025-03,19.40858676752679,4663.05
ORD10899,2025-03-23,Customer_087,Kerala,Clothing,T-Shirt,5,776,0,3880.0,345.91,Net Banking,2025,3,March,2025-03,8.91520618556701,0.0
ORD10865,2025-03-25,Customer_141,Karnataka,Home & Kitchen,Bottle,3,1413,10,3815.1,602.27,Debit Card,2025,3,March,2025-03,15.786480039841683,423.9
ORD10170,2025-03-25,Customer_157,Delhi,Furniture,Table,4,6990,10,25164.0,5803.69,Debit Card,2025,3,March,2025-03,23.063463678270544,2796.0
ORD10447,2025-03-25,Customer_029,Tamil Nadu,Clothing,T-Shirt,2,669,5,1271.1,297.9,Debit Card,2025,3,March,2025-03,23.436393674769885,66.9
ORD10706,2025-03-25,Customer_049,Andhra Pradesh,Electronics,Headphones,4,10298,5,39132.4,4153.64,Credit Card,2025,3,March,2025-03,10.614324702803815,2059.6
ORD10486,2025-03-26,Customer_074,Andhra Pradesh,Furniture,Desk,4,15714,0,62856.0,9728.57,Debit Card,2025,3,March,2025-03,15.477551864579356,0.0
ORD10820,2025-03-26,Customer_054,Delhi,Electronics,Monitor,4,13025,15,44285.0,4336.31,Net Banking,2025,3,March,2025-03,9.791825674607656,7815.0
ORD10205,2025-03-26,Customer_154,Delhi,Home & Kitchen,Air Fryer,3,5299,5,15102.15,2977.31,Net Banking,2025,3,March,2025-03,19.714477739924448,794.85
ORD10243,2025-03-27,Customer_183,Maharashtra,Home & Kitchen,Mixer,1,4507,0,4507.0,395.04,Net Banking,2025,3,March,2025-03,8.765032172176616,0.0
ORD10754,2025-03-28,Customer_173,Kerala,Furniture,Office Chair,3,9424,0,28272.0,3216.43,Net Banking,2025,3,March,2025-03,11.376733163554045,0.0
ORD10139,2025-03-28,Customer_046,Delhi,Clothing,Shoes,3,3954,20,9489.6,2260.12,Debit Card,2025,3,March,2025-03,23.81680998145338,2372.4
ORD10625,2025-03-29,Customer_149,Andhra Pradesh,Electronics,Monitor,2,11092,10,19965.6,4962.66,Cash,2025,3,March,2025-03,24.856052410145452,2218.4
ORD10320,2025-03-29,Customer_137,Kerala,Furniture,Table,2,14651,20,23441.6,2832.94,Net Banking,2025,3,March,2025-03,12.085096580438197,5860.4
ORD10282,2025-03-29,Customer_173,Andhra Pradesh,Home & Kitchen,Dinner Set,5,2574,20,10296.0,1341.47,Credit Card,2025,3,March,2025-03,13.029040404040405,2574.0
ORD10313,2025-03-31,Customer_025,Tamil Nadu,Home & Kitchen,Cookware Set,3,5533,0,16599.0,2924.36,UPI,2025,3,March,2025-03,17.617687812518827,0.0
ORD10412,2025-03-31,Customer_104,Kerala,Home & Kitchen,Air Fryer,4,6011,5,22841.8,3204.79,Cash,2025,3,March,2025-03,14.030374138640564,1202.2
ORD10019,2025-03-31,Customer_062,Telangana,Home & Kitchen,Air Fryer,3,7339,5,20916.15,2935.22,Debit Card,2025,3,March,2025-03,14.033270941353928,1100.85
ORD10123,2025-03-31,Customer_053,Kerala,Furniture,Table,3,10040,5,28614.0,4223.61,Net Banking,2025,3,March,2025-03,14.760641643950512,1506.0
ORD10844,2025-03-31,Customer_096,Maharashtra,Clothing,Backpack,2,1288,15,2189.6,312.57,Net Banking,2025,3,March,2025-03,14.275210084033613,386.4
ORD10736,2025-04-01,Customer_124,Maharashtra,Clothing,Jacket,3,4387,5,12502.95,2662.15,Cash,2025,4,April,2025-04,21.29217504668898,658.05
ORD10763,2025-04-02,Customer_079,Andhra Pradesh,Electronics,Mobile,2,32360,20,51776.0,7457.56,UPI,2025,4,April,2025-04,14.40350741656366,12944.0
ORD10508,2025-04-02,Customer_134,Tamil Nadu,Clothing,Backpack,3,2709,0,8127.0,1397.76,Debit Card,2025,4,April,2025-04,17.198966408268735,0.0
ORD10092,2025-04-02,Customer_189,Kerala,Home & Kitchen,Mixer,1,4826,20,3860.8,421.06,Cash,2025,4,April,2025-04,10.906029838375465,965.2
ORD10185,2025-04-03,Customer_106,Karnataka,Electronics,Headphones,4,11461,5,43551.8,5487.94,Credit Card,2025,4,April,2025-04,12.600948755275326,2292.2
ORD10870,2025-04-03,Customer_136,Andhra Pradesh,Furniture,Bookshelf,1,10468,0,10468.0,1898.15,UPI,2025,4,April,2025-04,18.13288116163546,0.0
ORD10662,2025-04-03,Customer_172,Telangana,Clothing,Jeans,3,2669,15,6805.95,1221.13,Cash,2025,4,April,2025-04,17.942094784710438,1201.05
ORD10065,2025-04-04,Customer_045,Delhi,Clothing,Jeans,4,1464,0,5856.0,739.26,Cash,2025,4,April,2025-04,12.623975409836067,0.0
ORD10503,2025-04-05,Customer_178,Karnataka,Electronics,Mobile,4,13307,0,53228.0,9972.16,UPI,2025,4,April,2025-04,18.734801232434055,0.0
ORD10589,2025-04-06,Customer_166,Delhi,Home & Kitchen,Bottle,5,841,5,3994.75,510.14,UPI,2025,4,April,2025-04,12.770260967519869,210.25
ORD10023,2025-04-07,Customer_114,Karnataka,Furniture,Office Chair,2,16116,5,30620.4,2814.58,Credit Card,2025,4,April,2025-04,9.191845958903214,1611.6
ORD10788,2025-04-07,Customer_002,Andhra Pradesh,Home & Kitchen,Mixer,2,3174,0,6348.0,656.01,Cash,2025,4,April,2025-04,10.334120982986768,0.0
ORD10365,2025-04-09,Customer_027,Karnataka,Clothing,Shoes,5,5818,10,26181.0,4700.8,Cash,2025,4,April,2025-04,17.95500553836752,2909.0
ORD10989,2025-04-09,Customer_020,Delhi,Furniture,Desk,4,15171,0,60684.0,5756.84,Cash,2025,4,April,2025-04,9.486586250082395,0.0
ORD10046,2025-04-11,Customer_106,Delhi,Home & Kitchen,Dinner Set,3,2547,10,6876.9,1342.13,Credit Card,2025,4,April,2025-04,19.51649725893935,764.1
ORD10392,2025-04-11,Customer_147,Kerala,Clothing,Backpack,5,3407,10,15331.5,3056.46,UPI,2025,4,April,2025-04,19.93581841307113,1703.5
ORD10984,2025-04-11,Customer_125,Tamil Nadu,Electronics,Laptop,4,47176,5,179268.8,38613.58,Cash,2025,4,April,2025-04,21.539487071927745,9435.2
ORD10071,2025-04-11,Customer_030,Delhi,Furniture,Office Chair,1,7504,15,6378.4,885.24,Credit Card,2025,4,April,2025-04,13.878715665370628,1125.6
ORD10379,2025-04-11,Customer_148,Tamil Nadu,Furniture,Table,3,15897,15,40537.35,8275.2,Net Banking,2025,4,April,2025-04,20.413766563428545,7153.65
ORD10793,2025-04-12,Customer_200,Andhra Pradesh,Electronics,Keyboard,5,2864,0,14320.0,3122.2,UPI,2025,4,April,2025-04,21.803072625698324,0.0
ORD10903,2025-04-13,Customer_135,Maharashtra,Furniture,Table,4,6645,15,22593.0,4889.31,Cash,2025,4,April,2025-04,21.640817952463152,3987.0
ORD10934,2025-04-13,Customer_155,Karnataka,Electronics,Mobile,1,42873,5,40729.35,3730.47,Debit Card,2025,4,April,2025-04,9.159169002206026,2143.65
ORD10590,2025-04-13,Customer_023,Andhra Pradesh,Electronics,Monitor,5,19886,0,99430.0,13869.43,Cash,2025,4,April,2025-04,13.948938952026552,0.0
ORD10017,2025-04-13,Customer_146,Maharashtra,Home & Kitchen,Cookware Set,4,3785,5,14383.0,1774.97,Net Banking,2025,4,April,2025-04,12.340749495932698,757.0
ORD10910,2025-04-15,Customer_103,Telangana,Furniture,Bookshelf,5,3492,0,17460.0,1426.22,UPI,2025,4,April,2025-04,8.168499427262315,0.0
ORD10398,2025-04-15,Customer_035,Karnataka,Furniture,Desk,3,16135,10,43564.5,6538.49,UPI,2025,4,April,2025-04,15.008757130232183,4840.5
ORD10377,2025-04-15,Customer_061,Kerala,Home & Kitchen,Mixer,5,6520,0,32600.0,7096.6,UPI,2025,4,April,2025-04,21.76871165644172,0.0
ORD10204,2025-04-16,Customer_161,Kerala,Electronics,Mobile,4,25615,0,102460.0,24472.94,UPI,2025,4,April,2025-04,23.885360140542648,0.0
ORD10082,2025-04-17,Customer_174,Kerala,Home & Kitchen,Bottle,2,489,10,880.2,173.37,Cash,2025,4,April,2025-04,19.69665985003408,97.8
ORD10700,2025-04-17,Customer_118,Delhi,Clothing,T-Shirt,2,636,0,1272.0,104.76,UPI,2025,4,April,2025-04,8.235849056603774,0.0
ORD10637,2025-04-18,Customer_115,Karnataka,Electronics,Laptop,5,60717,20,242868.0,42975.2,Net Banking,2025,4,April,2025-04,17.694879523033087,60717.0
ORD10316,2025-04-18,Customer_181,Tamil Nadu,Home & Kitchen,Mixer,5,6244,0,31220.0,5410.69,UPI,2025,4,April,2025-04,17.330845611787314,0.0
ORD10532,2025-04-19,Customer_046,Telangana,Home & Kitchen,Cookware Set,3,3110,0,9330.0,976.9,Credit Card,2025,4,April,2025-04,10.470525187566988,0.0
ORD10962,2025-04-19,Customer_071,Maharashtra,Electronics,Headphones,5,7217,0,36085.0,4401.77,Debit Card,2025,4,April,2025-04,12.198337259248996,0.0
ORD10585,2025-04-19,Customer_084,Tamil Nadu,Furniture,Table,5,11537,20,46148.0,7982.58,Net Banking,2025,4,April,2025-04,17.297781052266618,11537.0
ORD10263,2025-04-20,Customer_073,Maharashtra,Electronics,Laptop,5,62543,10,281443.5,50116.59,Credit Card,2025,4,April,2025-04,17.806980797211516,31271.5
ORD10797,2025-04-21,Customer_111,Kerala,Electronics,Mobile,1,36087,5,34282.65,3510.09,Net Banking,2025,4,April,2025-04,10.238677581808874,1804.35
ORD10305,2025-04-22,Customer_066,Karnataka,Furniture,Office Chair,4,13365,0,53460.0,4277.08,UPI,2025,4,April,2025-04,8.00052375607931,0.0
ORD10955,2025-04-22,Customer_141,Tamil Nadu,Clothing,Shoes,1,5782,20,4625.6,425.51,Debit Card,2025,4,April,2025-04,9.19902282947077,1156.4
ORD10225,2025-04-22,Customer_070,Karnataka,Furniture,Office Chair,5,5526,10,24867.0,4849.12,Credit Card,2025,4,April,2025-04,19.500221176659828,2763.0
ORD10817,2025-04-24,Customer_163,Kerala,Electronics,Keyboard,4,4262,0,17048.0,3765.57,Net Banking,2025,4,April,2025-04,22.0880455185359,0.0
ORD10440,2025-04-24,Customer_007,Maharashtra,Clothing,Jacket,5,2710,5,12872.5,2937.83,Net Banking,2025,4,April,2025-04,22.822528646339094,677.5
ORD10036,2025-04-24,Customer_172,Kerala,Electronics,Laptop,2,62071,0,124142.0,30151.62,Net Banking,2025,4,April,2025-04,24.288008893041837,0.0
ORD10927,2025-04-25,Customer_130,Kerala,Electronics,Keyboard,5,3543,10,15943.5,3494.94,Cash,2025,4,April,2025-04,21.920782764135854,1771.5
ORD10722,2025-04-26,Customer_103,Maharashtra,Clothing,Shoes,1,1734,10,1560.6,161.49,UPI,2025,4,April,2025-04,10.347943098808152,173.4
ORD10049,2025-04-27,Customer_058,Kerala,Furniture,Desk,3,16102,15,41060.1,9039.8,Net Banking,2025,4,April,2025-04,22.01602041884944,7245.9
ORD10720,2025-04-27,Customer_167,Telangana,Home & Kitchen,Mixer,3,6296,5,17943.6,2216.98,Net Banking,2025,4,April,2025-04,12.355268730912416,944.4
ORD10908,2025-04-27,Customer_093,Telangana,Clothing,Shoes,3,3257,0,9771.0,2212.6,Debit Card,2025,4,April,2025-04,22.644560433937162,0.0
ORD10063,2025-04-27,Customer_069,Maharashtra,Electronics,Keyboard,4,1026,0,4104.0,555.21,Net Banking,2025,4,April,2025-04,13.528508771929825,0.0
ORD10468,2025-04-27,Customer_151,Kerala,Electronics,Laptop,4,66300,0,265200.0,64989.87,Net Banking,2025,4,April,2025-04,24.505984162895928,0.0
ORD10110,2025-04-28,Customer_162,Maharashtra,Clothing,Backpack,1,955,10,859.5,204.13,UPI,2025,4,April,2025-04,23.74985456660849,95.5
ORD10545,2025-04-28,Customer_091,Delhi,Electronics,Headphones,1,4802,15,4081.7,702.12,Cash,2025,4,April,2025-04,17.201656172673154,720.3
ORD10646,2025-04-29,Customer_043,Maharashtra,Electronics,Mobile,1,48469,15,41198.65,7269.77,Cash,2025,4,April,2025-04,17.64565101040932,7270.35
ORD10197,2025-04-29,Customer_097,Delhi,Furniture,Sofa,3,24885,5,70922.25,13141.63,Net Banking,2025,4,April,2025-04,18.52962927713094,3732.75
ORD10252,2025-04-30,Customer_034,Telangana,Electronics,Mobile,1,31835,0,31835.0,3946.28,Cash,2025,4,April,2025-04,12.396042092037067,0.0
ORD10056,2025-04-30,Customer_052,Kerala,Home & Kitchen,Air Fryer,5,7711,0,38555.0,9082.03,UPI,2025,4,April,2025-04,23.55603683050188,0.0
ORD10711,2025-04-30,Customer_063,Maharashtra,Clothing,Jeans,2,3195,5,6070.5,1186.43,Credit Card,2025,4,April,2025-04,19.54418911127584,319.5
ORD10128,2025-05-01,Customer_049,Delhi,Electronics,Monitor,1,20565,5,19536.75,2464.63,UPI,2025,5,May,2025-05,12.615353116562378,1028.25
ORD10207,2025-05-01,Customer_193,Andhra Pradesh,Home & Kitchen,Dinner Set,4,2986,0,11944.0,2084.85,Credit Card,2025,5,May,2025-05,17.455207635632952,0.0
ORD10638,2025-05-02,Customer_163,Telangana,Clothing,Jeans,3,3569,5,10171.65,1177.05,Cash,2025,5,May,2025-05,11.571868870832166,535.35
ORD10799,2025-05-03,Customer_127,Karnataka,Electronics,Keyboard,4,1539,0,6156.0,1268.97,Credit Card,2025,5,May,2025-05,20.6135477582846,0.0
ORD10994,2025-05-03,Customer_136,Maharashtra,Home & Kitchen,Mixer,3,6196,5,17658.6,4281.51,UPI,2025,5,May,2025-05,24.246033094356296,929.4
ORD10833,2025-05-03,Customer_039,Tamil Nadu,Clothing,Backpack,1,3007,5,2856.65,535.15,UPI,2025,5,May,2025-05,18.73348152556316,150.35
ORD10163,2025-05-03,Customer_026,Kerala,Home & Kitchen,Dinner Set,3,3331,0,9993.0,895.73,Credit Card,2025,5,May,2025-05,8.963574502151506,0.0
ORD10893,2025-05-05,Customer_012,Andhra Pradesh,Electronics,Mobile,4,46464,5,176563.2,32774.76,Cash,2025,5,May,2025-05,18.562622335798174,9292.8
ORD10021,2025-05-06,Customer_029,Telangana,Furniture,Table,4,6822,10,24559.2,4786.34,Credit Card,2025,5,May,2025-05,19.48898986937685,2728.8
ORD10808,2025-05-06,Customer_017,Delhi,Electronics,Monitor,2,19343,0,38686.0,5616.34,Credit Card,2025,5,May,2025-05,14.51775836219821,0.0
ORD10509,2025-05-07,Customer_027,Andhra Pradesh,Home & Kitchen,Mixer,1,6230,0,6230.0,1139.25,UPI,2025,5,May,2025-05,18.286516853932586,0.0
ORD10481,2025-05-08,Customer_101,Kerala,Home & Kitchen,Air Fryer,2,5556,5,10556.4,2607.73,Credit Card,2025,5,May,2025-05,24.702834299571823,555.6
ORD10769,2025-05-08,Customer_068,Karnataka,Home & Kitchen,Dinner Set,2,3535,0,7070.0,946.53,Debit Card,2025,5,May,2025-05,13.387977369165489,0.0
ORD10107,2025-05-09,Customer_056,Karnataka,Furniture,Desk,2,10578,5,20098.2,2070.68,UPI,2025,5,May,2025-05,10.302813187250598,1057.8
ORD10891,2025-05-09,Customer_132,Telangana,Clothing,Jacket,4,3852,10,13867.2,1931.72,Debit Card,2025,5,May,2025-05,13.930137302411444,1540.8
ORD10238,2025-05-09,Customer_104,Tamil Nadu,Furniture,Sofa,5,36909,10,166090.5,19462.71,Net Banking,2025,5,May,2025-05,11.718135594751054,18454.5
ORD10001,2025-05-10,Customer_012,Karnataka,Clothing,T-Shirt,2,1100,0,2200.0,386.26,UPI,2025,5,May,2025-05,17.55727272727273,0.0
ORD10146,2025-05-10,Customer_124,Andhra Pradesh,Clothing,T-Shirt,4,1201,5,4563.8,948.9,Cash,2025,5,May,2025-05,20.791883956352162,240.2
ORD10058,2025-05-10,Customer_008,Delhi,Electronics,Headphones,4,9004,5,34215.2,7647.65,UPI,2025,5,May,2025-05,22.351615656199584,1800.8
ORD10034,2025-05-10,Customer_185,Maharashtra,Furniture,Office Chair,5,5612,0,28060.0,4641.48,Debit Card,2025,5,May,2025-05,16.54126870990734,0.0
ORD10096,2025-05-11,Customer_031,Karnataka,Furniture,Office Chair,2,11980,0,23960.0,2259.47,UPI,2025,5,May,2025-05,9.430175292153589,0.0
ORD10208,2025-05-12,Customer_166,Andhra Pradesh,Home & Kitchen,Dinner Set,1,4755,10,4279.5,909.47,UPI,2025,5,May,2025-05,21.25178175020446,475.5
ORD10416,2025-05-12,Customer_016,Delhi,Electronics,Laptop,2,53767,5,102157.3,15376.75,Debit Card,2025,5,May,2025-05,15.052032502816735,5376.7
ORD10078,2025-05-12,Customer_154,Delhi,Home & Kitchen,Dinner Set,4,4348,5,16522.4,4103.45,Cash,2025,5,May,2025-05,24.835677625526554,869.6
ORD10746,2025-05-13,Customer_106,Andhra Pradesh,Furniture,Desk,2,15083,5,28657.7,4750.23,UPI,2025,5,May,2025-05,16.575754509259287,1508.3
ORD10631,2025-05-13,Customer_069,Karnataka,Electronics,Laptop,3,60271,5,171772.35,24190.34,UPI,2025,5,May,2025-05,14.082790390886544,9040.65
ORD10117,2025-05-14,Customer_141,Andhra Pradesh,Electronics,Keyboard,1,4630,20,3704.0,663.58,Debit Card,2025,5,May,2025-05,17.915226781857452,926.0
ORD10156,2025-05-14,Customer_019,Delhi,Furniture,Office Chair,4,9088,0,36352.0,7605.83,Cash,2025,5,May,2025-05,20.922727772887324,0.0
ORD10237,2025-05-15,Customer_199,Tamil Nadu,Furniture,Bookshelf,3,3771,5,10747.35,2224.74,Net Banking,2025,5,May,2025-05,20.700358693073174,565.65
ORD10628,2025-05-15,Customer_050,Tamil Nadu,Furniture,Office Chair,4,10242,15,34822.8,6747.52,UPI,2025,5,May,2025-05,19.37673018826746,6145.2
ORD10667,2025-05-18,Customer_088,Tamil Nadu,Furniture,Table,4,12851,15,43693.4,8142.96,UPI,2025,5,May,2025-05,18.636590423267588,7710.6
ORD10288,2025-05-19,Customer_139,Delhi,Electronics,Headphones,4,11366,0,45464.0,8223.91,Debit Card,2025,5,May,2025-05,18.08883952137955,0.0
ORD10301,2025-05-20,Customer_160,Kerala,Electronics,Headphones,5,7048,10,31716.0,4704.9,UPI,2025,5,May,2025-05,14.834468407113127,3524.0
ORD10136,2025-05-20,Customer_100,Telangana,Electronics,Laptop,4,66125,10,238050.0,28121.84,Cash,2025,5,May,2025-05,11.813417349296367,26450.0
ORD10630,2025-05-20,Customer_141,Andhra Pradesh,Clothing,T-Shirt,4,1589,20,5084.8,768.45,Debit Card,2025,5,May,2025-05,15.112688797986154,1271.2
ORD10997,2025-05-20,Customer_181,Telangana,Electronics,Mobile,2,32313,5,61394.7,5361.42,Credit Card,2025,5,May,2025-05,8.732708197938912,3231.3
ORD10688,2025-05-21,Customer_151,Kerala,Electronics,Monitor,5,20989,0,104945.0,18299.55,Credit Card,2025,5,May,2025-05,17.43727666873124,0.0
ORD10176,2025-05-23,Customer_111,Telangana,Furniture,Table,1,4285,10,3856.5,749.34,UPI,2025,5,May,2025-05,19.430571761960326,428.5
ORD10340,2025-05-23,Customer_194,Tamil Nadu,Home & Kitchen,Dinner Set,1,1209,5,1148.55,116.94,Net Banking,2025,5,May,2025-05,10.181533237560403,60.45
ORD10351,2025-05-24,Customer_159,Maharashtra,Home & Kitchen,Air Fryer,2,7421,15,12615.7,1619.5,Net Banking,2025,5,May,2025-05,12.837179070523236,2226.3
ORD10112,2025-05-24,Customer_071,Tamil Nadu,Clothing,Jacket,4,3758,0,15032.0,1331.92,Cash,2025,5,May,2025-05,8.860564129856307,0.0
ORD10489,2025-05-25,Customer_011,Maharashtra,Electronics,Headphones,3,7626,10,20590.2,1838.21,UPI,2025,5,May,2025-05,8.927596623636488,2287.8
ORD10452,2025-05-25,Customer_033,Andhra Pradesh,Furniture,Office Chair,2,11344,5,21553.6,3310.01,Cash,2025,5,May,2025-05,15.35710971717022,1134.4
ORD10567,2025-05-26,Customer_011,Telangana,Furniture,Desk,3,7137,5,20340.45,3846.57,Debit Card,2025,5,May,2025-05,18.910938548557183,1070.55
ORD10591,2025-05-26,Customer_059,Karnataka,Electronics,Monitor,4,21866,5,83090.8,17699.37,Net Banking,2025,5,May,2025-05,21.301239126353337,4373.2
ORD10778,2025-05-27,Customer_003,Andhra Pradesh,Home & Kitchen,Air Fryer,4,10708,0,42832.0,10307.7,Debit Card,2025,5,May,2025-05,24.065418378782223,0.0
ORD10496,2025-05-27,Customer_007,Telangana,Clothing,Jeans,2,2437,10,4386.6,962.78,Debit Card,2025,5,May,2025-05,21.94820589978571,487.4
ORD10118,2025-05-28,Customer_003,Tamil Nadu,Furniture,Sofa,4,40215,15,136731.0,11201.2,Credit Card,2025,5,May,2025-05,8.192143698210355,24129.0
ORD10841,2025-05-29,Customer_092,Delhi,Clothing,Jeans,4,1815,5,6897.0,564.32,UPI,2025,5,May,2025-05,8.182108162969408,363.0
ORD10189,2025-05-29,Customer_026,Kerala,Clothing,Jeans,2,2187,0,4374.0,1084.89,Credit Card,2025,5,May,2025-05,24.803155006858713,0.0
ORD10618,2025-05-30,Customer_025,Telangana,Home & Kitchen,Air Fryer,1,7426,0,7426.0,1446.79,Cash,2025,5,May,2025-05,19.48276326420684,0.0
ORD10415,2025-05-30,Customer_178,Kerala,Clothing,Jacket,3,4728,5,13474.8,3101.31,Credit Card,2025,5,May,2025-05,23.01562917445899,709.2
ORD10323,2025-05-31,Customer_149,Kerala,Home & Kitchen,Dinner Set,4,2136,5,8116.8,782.7,UPI,2025,5,May,2025-05,9.642962743938497,427.2
ORD10449,2025-05-31,Customer_014,Karnataka,Clothing,Jeans,5,3893,0,19465.0,2537.76,Net Banking,2025,5,May,2025-05,13.037554585152838,0.0
ORD10676,2025-06-01,Customer_168,Maharashtra,Electronics,Headphones,4,2228,0,8912.0,2062.34,Net Banking,2025,6,June,2025-06,23.14115798922801,0.0
ORD10068,2025-06-01,Customer_033,Telangana,Electronics,Monitor,4,9645,0,38580.0,9420.35,Cash,2025,6,June,2025-06,24.41770347330223,0.0
ORD10528,2025-06-02,Customer_121,Kerala,Furniture,Office Chair,5,5882,15,24998.5,4174.51,Credit Card,2025,6,June,2025-06,16.69904194251655,4411.5
ORD10776,2025-06-03,Customer_030,Delhi,Electronics,Laptop,5,55293,0,276465.0,29011.73,UPI,2025,6,June,2025-06,10.49381657714358,0.0
ORD10003,2025-06-03,Customer_133,Telangana,Electronics,Laptop,2,58489,5,111129.1,10183.49,UPI,2025,6,June,2025-06,9.163657403866313,5848.9
ORD10091,2025-06-03,Customer_130,Tamil Nadu,Home & Kitchen,Mixer,5,3598,5,17090.5,1832.76,Debit Card,2025,6,June,2025-06,10.723852432638015,899.5
ORD10090,2025-06-03,Customer_137,Maharashtra,Furniture,Sofa,2,20433,10,36779.4,5550.85,UPI,2025,6,June,2025-06,15.092279917562548,4086.6
ORD10187,2025-06-03,Customer_197,Delhi,Furniture,Office Chair,2,10827,0,21654.0,5386.19,UPI,2025,6,June,2025-06,24.87388011452849,0.0
ORD10843,2025-06-04,Customer_034,Maharashtra,Electronics,Mobile,1,40572,0,40572.0,9975.94,Debit Card,2025,6,June,2025-06,24.588238193828257,0.0
ORD10171,2025-06-04,Customer_167,Kerala,Home & Kitchen,Cookware Set,5,5993,5,28466.75,6611.89,Net Banking,2025,6,June,2025-06,23.226711865597586,1498.25
ORD10086,2025-06-04,Customer_141,Karnataka,Clothing,Jeans,5,2915,0,14575.0,2709.03,UPI,2025,6,June,2025-06,18.586826758147517,0.0
ORD10515,2025-06-05,Customer_181,Delhi,Furniture,Desk,2,7708,0,15416.0,2817.14,Credit Card,2025,6,June,2025-06,18.274130773222623,0.0
ORD10077,2025-06-06,Customer_137,Maharashtra,Home & Kitchen,Dinner Set,2,1985,0,3970.0,497.08,Debit Card,2025,6,June,2025-06,12.520906801007555,0.0
ORD10115,2025-06-06,Customer_055,Karnataka,Clothing,T-Shirt,5,623,0,3115.0,457.26,Credit Card,2025,6,June,2025-06,14.679293739967896,0.0
ORD10609,2025-06-07,Customer_108,Telangana,Home & Kitchen,Air Fryer,4,7606,0,30424.0,2742.27,UPI,2025,6,June,2025-06,9.013509071785432,0.0
ORD10619,2025-06-08,Customer_021,Andhra Pradesh,Clothing,Jeans,1,2109,10,1898.1,279.63,Net Banking,2025,6,June,2025-06,14.732100521574207,210.9
ORD10873,2025-06-08,Customer_195,Delhi,Furniture,Office Chair,5,13652,0,68260.0,16144.69,Net Banking,2025,6,June,2025-06,23.651757984178143,0.0
ORD10293,2025-06-10,Customer_143,Telangana,Electronics,Mobile,5,20210,0,101050.0,17645.18,Credit Card,2025,6,June,2025-06,17.461830776843147,0.0
ORD10126,2025-06-10,Customer_188,Kerala,Home & Kitchen,Cookware Set,2,2836,10,5104.8,647.24,UPI,2025,6,June,2025-06,12.679047171289767,567.2
ORD10723,2025-06-11,Customer_053,Karnataka,Home & Kitchen,Air Fryer,4,11180,15,38012.0,8592.57,UPI,2025,6,June,2025-06,22.604887930127326,6708.0
ORD10597,2025-06-11,Customer_123,Delhi,Electronics,Monitor,5,29620,20,118480.0,17521.6,Credit Card,2025,6,June,2025-06,14.788656313301821,29620.0
ORD10758,2025-06-12,Customer_108,Kerala,Clothing,T-Shirt,1,1623,0,1623.0,337.13,Cash,2025,6,June,2025-06,20.77202711028959,0.0
ORD10796,2025-06-13,Customer_097,Tamil Nadu,Clothing,Jeans,4,2083,5,7915.4,1788.45,Debit Card,2025,6,June,2025-06,22.5945624984208,416.6
ORD10292,2025-06-13,Customer_163,Maharashtra,Clothing,Jacket,5,5491,5,26082.25,5035.43,Credit Card,2025,6,June,2025-06,19.30596478447987,1372.75
ORD10451,2025-06-14,Customer_177,Telangana,Furniture,Sofa,4,21139,0,84556.0,8941.44,Credit Card,2025,6,June,2025-06,10.574577794597664,0.0
ORD10747,2025-06-15,Customer_147,Delhi,Clothing,T-Shirt,2,1978,5,3758.2,500.11,Debit Card,2025,6,June,2025-06,13.307168325262095,197.8
ORD10738,2025-06-15,Customer_104,Karnataka,Electronics,Headphones,5,6672,5,31692.0,6261.75,Debit Card,2025,6,June,2025-06,19.758140855736464,1668.0
ORD10050,2025-06-15,Customer_112,Andhra Pradesh,Furniture,Desk,3,23053,5,65701.05,6891.66,UPI,2025,6,June,2025-06,10.489421401941064,3457.95
ORD10611,2025-06-16,Customer_181,Kerala,Electronics,Laptop,2,66281,10,119305.8,12383.69,Debit Card,2025,6,June,2025-06,10.379788744553911,13256.2
ORD10408,2025-06-16,Customer_124,Karnataka,Home & Kitchen,Cookware Set,3,4719,0,14157.0,1522.26,Cash,2025,6,June,2025-06,10.752701843610934,0.0
ORD10066,2025-06-17,Customer_137,Kerala,Furniture,Desk,4,15587,10,56113.2,4549.91,Cash,2025,6,June,2025-06,8.108448635971572,6234.8
ORD10426,2025-06-17,Customer_137,Karnataka,Electronics,Headphones,5,7980,10,35910.0,3797.25,Debit Card,2025,6,June,2025-06,10.574352548036758,3990.0
ORD10680,2025-06-17,Customer_018,Tamil Nadu,Furniture,Office Chair,2,17237,20,27579.2,5722.03,UPI,2025,6,June,2025-06,20.747628647676507,6894.8
ORD10332,2025-06-18,Customer_028,Telangana,Electronics,Mobile,1,48636,15,41340.6,5604.96,Cash,2025,6,June,2025-06,13.558003512285744,7295.4
ORD10200,2025-06-18,Customer_030,Tamil Nadu,Clothing,T-Shirt,2,993,5,1886.7,256.87,Net Banking,2025,6,June,2025-06,13.61477712407908,99.3
ORD10007,2025-06-18,Customer_074,Tamil Nadu,Electronics,Keyboard,5,3351,15,14241.75,3411.5,UPI,2025,6,June,2025-06,23.954219109308898,2513.25
ORD10411,2025-06-19,Customer_069,Kerala,Clothing,Jacket,3,2713,0,8139.0,1276.16,UPI,2025,6,June,2025-06,15.679567514436666,0.0
ORD10696,2025-06-20,Customer_123,Karnataka,Home & Kitchen,Mixer,1,7776,0,7776.0,904.96,Debit Card,2025,6,June,2025-06,11.637860082304528,0.0
ORD10495,2025-06-20,Customer_080,Kerala,Electronics,Keyboard,4,2951,5,11213.8,989.3,Net Banking,2025,6,June,2025-06,8.82216554602365,590.2
ORD10716,2025-06-22,Customer_007,Tamil Nadu,Home & Kitchen,Mixer,5,4510,0,22550.0,5176.53,UPI,2025,6,June,2025-06,22.955787139689576,0.0
ORD10846,2025-06-23,Customer_127,Andhra Pradesh,Electronics,Keyboard,1,3457,10,3111.3,430.9,Credit Card,2025,6,June,2025-06,13.849516279368752,345.7
ORD10986,2025-06-25,Customer_064,Maharashtra,Furniture,Desk,5,14792,15,62866.0,11928.25,Credit Card,2025,6,June,2025-06,18.974087742181784,11094.0
ORD10047,2025-06-25,Customer_186,Tamil Nadu,Home & Kitchen,Dinner Set,5,2930,10,13185.0,2015.17,Credit Card,2025,6,June,2025-06,15.2838073568449,1465.0
ORD10945,2025-06-25,Customer_091,Delhi,Electronics,Monitor,1,26313,0,26313.0,6369.81,Net Banking,2025,6,June,2025-06,24.20784403146734,0.0
ORD10287,2025-06-26,Customer_100,Karnataka,Electronics,Monitor,1,26740,5,25403.0,4768.93,UPI,2025,6,June,2025-06,18.773097665630047,1337.0
ORD10099,2025-06-26,Customer_096,Kerala,Furniture,Sofa,5,26101,0,130505.0,10808.52,Net Banking,2025,6,June,2025-06,8.28207348377457,0.0
ORD10936,2025-06-27,Customer_033,Maharashtra,Electronics,Monitor,4,9882,0,39528.0,6895.4,Cash,2025,6,June,2025-06,17.444343250354176,0.0
ORD10632,2025-06-27,Customer_004,Maharashtra,Home & Kitchen,Bottle,2,674,5,1280.6,231.72,UPI,2025,6,June,2025-06,18.094643136029987,67.4
ORD10334,2025-06-27,Customer_017,Telangana,Clothing,Backpack,1,1001,0,1001.0,148.61,Debit Card,2025,6,June,2025-06,14.846153846153848,0.0
ORD10606,2025-06-28,Customer_137,Delhi,Clothing,T-Shirt,3,693,10,1871.1,414.53,Debit Card,2025,6,June,2025-06,22.154347709903266,207.9
ORD10781,2025-06-28,Customer_176,Maharashtra,Electronics,Laptop,3,73172,15,186588.6,30805.49,UPI,2025,6,June,2025-06,16.509845724765608,32927.4
ORD10651,2025-06-28,Customer_100,Karnataka,Clothing,Backpack,5,2493,15,10595.25,1087.51,Net Banking,2025,6,June,2025-06,10.26412779311484,1869.75
ORD10268,2025-06-29,Customer_121,Andhra Pradesh,Home & Kitchen,Mixer,5,2840,0,14200.0,2586.6,UPI,2025,6,June,2025-06,18.21549295774648,0.0
ORD10162,2025-06-29,Customer_040,Telangana,Electronics,Mobile,5,36264,10,163188.0,31911.17,UPI,2025,6,June,2025-06,19.554850846875997,18132.0
ORD10264,2025-06-29,Customer_116,Andhra Pradesh,Electronics,Laptop,2,74075,10,133335.0,23449.14,UPI,2025,6,June,2025-06,17.58663516706041,14815.0
ORD10015,2025-06-29,Customer_161,Karnataka,Home & Kitchen,Mixer,2,7500,0,15000.0,2760.17,Net Banking,2025,6,June,2025-06,18.401133333333334,0.0
ORD10693,2025-06-29,Customer_093,Maharashtra,Electronics,Monitor,2,11437,0,22874.0,2171.29,UPI,2025,6,June,2025-06,9.492393110081315,0.0
ORD10764,2025-06-30,Customer_080,Karnataka,Furniture,Desk,1,24135,5,22928.25,3156.55,Credit Card,2025,6,June,2025-06,13.767077731619292,1206.75
ORD10969,2025-06-30,Customer_119,Tamil Nadu,Furniture,Desk,5,24753,5,117576.75,28090.88,Net Banking,2025,6,June,2025-06,23.891526173329336,6188.25
ORD10965,2025-06-30,Customer_062,Tamil Nadu,Clothing,Backpack,2,3018,5,5734.2,1291.17,Debit Card,2025,6,June,2025-06,22.517003243695722,301.8
ORD10374,2025-06-30,Customer_085,Andhra Pradesh,Home & Kitchen,Mixer,1,6000,5,5700.0,754.23,UPI,2025,6,June,2025-06,13.232105263157894,300.0
ORD10384,2025-07-01,Customer_026,Telangana,Electronics,Headphones,3,3242,5,9239.7,1841.43,UPI,2025,7,July,2025-07,19.92954316698594,486.3
ORD10309,2025-07-01,Customer_026,Karnataka,Home & Kitchen,Air Fryer,5,10574,10,47583.0,3910.97,Net Banking,2025,7,July,2025-07,8.219258979047138,5287.0
ORD10780,2025-07-01,Customer_105,Maharashtra,Clothing,Backpack,3,2900,0,8700.0,1186.46,Cash,2025,7,July,2025-07,13.637471264367818,0.0
ORD10148,2025-07-02,Customer_008,Delhi,Clothing,T-Shirt,4,1095,0,4380.0,717.14,UPI,2025,7,July,2025-07,16.373059360730593,0.0
ORD10721,2025-07-03,Customer_190,Telangana,Furniture,Sofa,3,27180,10,73386.0,8623.64,UPI,2025,7,July,2025-07,11.75106968631619,8154.0
ORD10533,2025-07-03,Customer_122,Tamil Nadu,Electronics,Headphones,3,9125,10,24637.5,4089.05,UPI,2025,7,July,2025-07,16.59685438863521,2737.5
ORD10290,2025-07-05,Customer_174,Telangana,Home & Kitchen,Dinner Set,3,4628,10,12495.6,2547.76,Debit Card,2025,7,July,2025-07,20.389257018470502,1388.4
ORD10772,2025-07-06,Customer_123,Maharashtra,Electronics,Keyboard,4,2348,10,8452.8,1110.86,UPI,2025,7,July,2025-07,13.141917471133826,939.2
ORD10031,2025-07-06,Customer_093,Maharashtra,Electronics,Monitor,4,28584,0,114336.0,26238.53,Debit Card,2025,7,July,2025-07,22.948616358802127,0.0
ORD10980,2025-07-07,Customer_155,Maharashtra,Furniture,Sofa,4,16196,5,61544.8,12155.83,UPI,2025,7,July,2025-07,19.751189377494114,3239.2
ORD10953,2025-07-07,Customer_054,Delhi,Electronics,Laptop,3,68360,5,194826.0,36614.46,Credit Card,2025,7,July,2025-07,18.79341566320717,10254.0
ORD10812,2025-07-07,Customer_042,Karnataka,Clothing,Jacket,4,5666,10,20397.6,2287.86,Debit Card,2025,7,July,2025-07,11.216319567007885,2266.4
ORD10325,2025-07-07,Customer_149,Kerala,Furniture,Bookshelf,4,3331,0,13324.0,3302.32,Cash,2025,7,July,2025-07,24.78474932452717,0.0
ORD10814,2025-07-08,Customer_137,Tamil Nadu,Home & Kitchen,Dinner Set,1,3222,5,3060.9,510.83,UPI,2025,7,July,2025-07,16.688882354862947,161.1
ORD10352,2025-07-08,Customer_161,Telangana,Electronics,Monitor,3,15439,0,46317.0,7193.76,Net Banking,2025,7,July,2025-07,15.531575879266793,0.0
ORD10106,2025-07-08,Customer_074,Delhi,Furniture,Table,4,5089,10,18320.4,4501.27,Credit Card,2025,7,July,2025-07,24.569714635051636,2035.6
ORD10766,2025-07-08,Customer_104,Karnataka,Clothing,Jacket,1,2739,5,2602.05,423.22,Debit Card,2025,7,July,2025-07,16.26486808477931,136.95
ORD10025,2025-07-10,Customer_143,Maharashtra,Home & Kitchen,Mixer,1,2782,20,2225.6,246.82,Credit Card,2025,7,July,2025-07,11.090043134435659,556.4
ORD10157,2025-07-11,Customer_005,Tamil Nadu,Clothing,Jacket,2,5978,10,10760.4,1142.36,Net Banking,2025,7,July,2025-07,10.6163339652801,1195.6
ORD10177,2025-07-11,Customer_016,Karnataka,Clothing,Shoes,2,1764,0,3528.0,777.68,Credit Card,2025,7,July,2025-07,22.043083900226755,0.0
ORD10521,2025-07-12,Customer_055,Karnataka,Home & Kitchen,Cookware Set,4,3010,0,12040.0,1867.55,Net Banking,2025,7,July,2025-07,15.511212624584717,0.0
ORD10484,2025-07-12,Customer_153,Kerala,Furniture,Table,2,4358,10,7844.4,1001.39,Cash,2025,7,July,2025-07,12.76566722757636,871.6
ORD10289,2025-07-13,Customer_058,Delhi,Electronics,Headphones,3,4629,10,12498.3,1034.38,Net Banking,2025,7,July,2025-07,8.27616555851596,1388.7
ORD10616,2025-07-13,Customer_075,Delhi,Clothing,Shoes,1,2881,10,2592.9,646.69,Debit Card,2025,7,July,2025-07,24.940799876586066,288.1
ORD10562,2025-07-15,Customer_158,Tamil Nadu,Clothing,T-Shirt,4,1846,0,7384.0,1070.41,Cash,2025,7,July,2025-07,14.496343445287108,0.0
ORD10564,2025-07-15,Customer_092,Maharashtra,Clothing,Backpack,5,1836,5,8721.0,811.48,Cash,2025,7,July,2025-07,9.304896227496846,459.0
ORD10640,2025-07-15,Customer_149,Telangana,Home & Kitchen,Bottle,4,1336,5,5076.8,427.89,Credit Card,2025,7,July,2025-07,8.428340687046958,267.2
ORD10366,2025-07-16,Customer_002,Maharashtra,Clothing,Jacket,3,3231,0,9693.0,1672.42,Credit Card,2025,7,July,2025-07,17.253894563086764,0.0
ORD10209,2025-07-16,Customer_130,Karnataka,Furniture,Office Chair,1,12156,20,9724.8,804.77,Debit Card,2025,7,July,2025-07,8.275440111878908,2431.2
ORD10535,2025-07-17,Customer_059,Maharashtra,Clothing,Jeans,3,1598,5,4554.3,419.43,Net Banking,2025,7,July,2025-07,9.209538238587708,239.7
ORD10419,2025-07-18,Customer_109,Andhra Pradesh,Home & Kitchen,Mixer,1,6199,0,6199.0,961.75,Credit Card,2025,7,July,2025-07,15.514599128891756,0.0
ORD10037,2025-07-18,Customer_075,Karnataka,Home & Kitchen,Air Fryer,3,7690,0,23070.0,2710.17,Debit Card,2025,7,July,2025-07,11.747594278283485,0.0
ORD10849,2025-07-18,Customer_175,Karnataka,Clothing,Jacket,2,3041,0,6082.0,1396.34,Debit Card,2025,7,July,2025-07,22.95856626109832,0.0
ORD10125,2025-07-18,Customer_043,Andhra Pradesh,Electronics,Headphones,5,6925,0,34625.0,5973.29,Net Banking,2025,7,July,2025-07,17.251379061371843,0.0
ORD10378,2025-07-19,Customer_038,Karnataka,Electronics,Monitor,2,19213,0,38426.0,6883.33,Credit Card,2025,7,July,2025-07,17.913209805860614,0.0
ORD10604,2025-07-19,Customer_142,Maharashtra,Furniture,Office Chair,4,13448,5,51102.4,7737.0,Net Banking,2025,7,July,2025-07,15.140189110491875,2689.6
ORD10852,2025-07-19,Customer_118,Tamil Nadu,Furniture,Office Chair,5,13584,20,54336.0,5625.04,Net Banking,2025,7,July,2025-07,10.352326266195524,13584.0
ORD10114,2025-07-19,Customer_118,Delhi,Furniture,Bookshelf,3,9344,0,28032.0,4977.68,Debit Card,2025,7,July,2025-07,17.757134703196346,0.0
ORD10539,2025-07-20,Customer_142,Kerala,Electronics,Headphones,2,3808,15,6473.6,1131.83,Cash,2025,7,July,2025-07,17.483780276816606,1142.4
ORD10790,2025-07-22,Customer_002,Tamil Nadu,Clothing,Jacket,2,2186,20,3497.6,475.32,Net Banking,2025,7,July,2025-07,13.589890210430008,874.4
ORD10321,2025-07-23,Customer_038,Tamil Nadu,Home & Kitchen,Mixer,4,3435,0,13740.0,1321.02,Cash,2025,7,July,2025-07,9.614410480349346,0.0
ORD10901,2025-07-23,Customer_052,Maharashtra,Electronics,Headphones,1,8557,5,8129.15,704.17,Debit Card,2025,7,July,2025-07,8.662283264547954,427.85
ORD10561,2025-07-23,Customer_086,Andhra Pradesh,Home & Kitchen,Dinner Set,4,4646,20,14867.2,1549.68,Net Banking,2025,7,July,2025-07,10.42348256564787,3716.8
ORD10615,2025-07-23,Customer_156,Karnataka,Furniture,Table,1,6014,0,6014.0,1012.36,Cash,2025,7,July,2025-07,16.833388759561025,0.0
ORD10084,2025-07-24,Customer_025,Maharashtra,Home & Kitchen,Cookware Set,3,2480,5,7068.0,1693.14,Cash,2025,7,July,2025-07,23.955008488964346,372.0
ORD10141,2025-07-24,Customer_022,Delhi,Home & Kitchen,Cookware Set,5,4097,5,19460.75,3045.8,Credit Card,2025,7,July,2025-07,15.650989812828387,1024.25
ORD10459,2025-07-25,Customer_142,Telangana,Clothing,Jeans,1,3356,5,3188.2,298.52,UPI,2025,7,July,2025-07,9.363277084248164,167.8
ORD10925,2025-07-26,Customer_172,Karnataka,Electronics,Laptop,5,70851,15,301116.75,44743.47,Net Banking,2025,7,July,2025-07,14.859176714679606,53138.25
ORD10448,2025-07-26,Customer_151,Kerala,Furniture,Bookshelf,1,11315,20,9052.0,1334.02,Net Banking,2025,7,July,2025-07,14.73729562527618,2263.0
ORD10403,2025-07-26,Customer_103,Delhi,Clothing,Jeans,4,1206,10,4341.6,1062.76,Credit Card,2025,7,July,2025-07,24.478533259627785,482.4
ORD10839,2025-07-27,Customer_054,Maharashtra,Home & Kitchen,Air Fryer,4,9575,5,36385.0,5342.44,Cash,2025,7,July,2025-07,14.683083688333104,1915.0
ORD10022,2025-07-28,Customer_125,Kerala,Electronics,Laptop,2,51530,0,103060.0,19775.89,UPI,2025,7,July,2025-07,19.188715311469046,0.0
ORD10573,2025-07-28,Customer_140,Andhra Pradesh,Electronics,Keyboard,2,4706,0,9412.0,1036.3,Credit Card,2025,7,July,2025-07,11.010412239694007,0.0
ORD10907,2025-07-28,Customer_058,Telangana,Furniture,Desk,2,17486,10,31474.8,5240.93,Credit Card,2025,7,July,2025-07,16.651193971049857,3497.2
ORD10807,2025-07-29,Customer_197,Telangana,Home & Kitchen,Dinner Set,4,3512,0,14048.0,3151.62,UPI,2025,7,July,2025-07,22.434652619589976,0.0
ORD10296,2025-07-29,Customer_042,Maharashtra,Home & Kitchen,Dinner Set,5,3036,5,14421.0,1385.15,UPI,2025,7,July,2025-07,9.605089799597808,759.0
ORD10569,2025-07-29,Customer_177,Kerala,Clothing,Jacket,4,5917,5,22484.6,3670.37,Cash,2025,7,July,2025-07,16.323928377645146,1183.4
ORD10993,2025-07-30,Customer_120,Maharashtra,Furniture,Table,1,11778,10,10600.2,1341.75,Cash,2025,7,July,2025-07,12.657780041886003,1177.8
ORD10543,2025-07-30,Customer_109,Kerala,Clothing,Jeans,1,2914,10,2622.6,229.45,UPI,2025,7,July,2025-07,8.748951422252727,291.4
ORD10580,2025-07-30,Customer_114,Kerala,Furniture,Sofa,1,26944,5,25596.8,3078.71,Debit Card,2025,7,July,2025-07,12.027714401800225,1347.2
ORD10906,2025-07-31,Customer_184,Andhra Pradesh,Furniture,Sofa,2,16932,0,33864.0,6598.39,Net Banking,2025,7,July,2025-07,19.48496928892039,0.0
ORD10224,2025-07-31,Customer_186,Delhi,Home & Kitchen,Bottle,5,858,10,3861.0,521.76,Cash,2025,7,July,2025-07,13.513597513597514,429.0
ORD10275,2025-08-01,Customer_063,Maharashtra,Electronics,Laptop,4,50463,0,201852.0,34179.59,UPI,2025,8,August,2025-08,16.932995462021676,0.0
ORD10438,2025-08-02,Customer_049,Karnataka,Home & Kitchen,Air Fryer,4,5841,5,22195.8,3859.9,Debit Card,2025,8,August,2025-08,17.390226979879078,1168.2
ORD10658,2025-08-02,Customer_081,Andhra Pradesh,Clothing,Shoes,3,3884,15,9904.2,1627.86,Net Banking,2025,8,August,2025-08,16.436057430181133,1747.8
ORD10739,2025-08-02,Customer_067,Maharashtra,Electronics,Headphones,1,2378,0,2378.0,580.61,Credit Card,2025,8,August,2025-08,24.415895710681244,0.0
ORD10206,2025-08-02,Customer_176,Maharashtra,Electronics,Monitor,1,21132,0,21132.0,4648.12,Cash,2025,8,August,2025-08,21.995646413022904,0.0
ORD10390,2025-08-03,Customer_005,Delhi,Electronics,Headphones,5,3070,0,15350.0,1376.43,Net Banking,2025,8,August,2025-08,8.966970684039088,0.0
ORD10937,2025-08-03,Customer_020,Maharashtra,Furniture,Sofa,1,40372,15,34316.2,4445.02,Debit Card,2025,8,August,2025-08,12.953124180416248,6055.8
ORD10420,2025-08-03,Customer_039,Telangana,Furniture,Office Chair,3,14655,5,41766.75,7944.02,Cash,2025,8,August,2025-08,19.01996205115313,2198.25
ORD10040,2025-08-03,Customer_114,Andhra Pradesh,Clothing,Shoes,5,4513,5,21436.75,5054.6,Cash,2025,8,August,2025-08,23.579133963870458,1128.25
ORD10236,2025-08-04,Customer_176,Delhi,Home & Kitchen,Bottle,1,647,0,647.0,120.54,Credit Card,2025,8,August,2025-08,18.630602782071097,0.0
ORD10881,2025-08-04,Customer_190,Tamil Nadu,Electronics,Keyboard,4,3973,0,15892.0,3551.22,UPI,2025,8,August,2025-08,22.34596023156305,0.0
ORD10914,2025-08-04,Customer_055,Tamil Nadu,Furniture,Sofa,3,39272,0,117816.0,19103.8,Credit Card,2025,8,August,2025-08,16.214945338493923,0.0
ORD10626,2025-08-05,Customer_188,Delhi,Furniture,Office Chair,2,16836,10,30304.8,3497.59,UPI,2025,8,August,2025-08,11.541372983817746,3367.2
ORD10847,2025-08-05,Customer_017,Tamil Nadu,Furniture,Desk,4,7102,0,28408.0,4786.53,Net Banking,2025,8,August,2025-08,16.849232610532244,0.0
ORD10825,2025-08-06,Customer_183,Tamil Nadu,Home & Kitchen,Mixer,1,3219,0,3219.0,738.69,Cash,2025,8,August,2025-08,22.947809878844364,0.0
ORD10291,2025-08-06,Customer_029,Tamil Nadu,Electronics,Monitor,4,20431,10,73551.6,9929.48,Cash,2025,8,August,2025-08,13.500019034256223,8172.4
ORD10348,2025-08-07,Customer_099,Karnataka,Home & Kitchen,Bottle,4,928,5,3526.4,653.3,UPI,2025,8,August,2025-08,18.525975499092556,185.6
ORD10506,2025-08-07,Customer_032,Karnataka,Electronics,Keyboard,4,3460,15,11764.0,1769.35,Cash,2025,8,August,2025-08,15.040377422645356,2076.0
ORD10883,2025-08-08,Customer_164,Kerala,Clothing,Jacket,4,3523,5,13387.4,1452.91,Debit Card,2025,8,August,2025-08,10.85281682776342,704.6
ORD10884,2025-08-09,Customer_039,Tamil Nadu,Home & Kitchen,Air Fryer,4,5592,0,22368.0,2247.13,Net Banking,2025,8,August,2025-08,10.046182045779686,0.0
ORD10500,2025-08-09,Customer_012,Maharashtra,Home & Kitchen,Bottle,1,1086,0,1086.0,234.54,Debit Card,2025,8,August,2025-08,21.596685082872927,0.0
ORD10383,2025-08-09,Customer_160,Karnataka,Home & Kitchen,Dinner Set,1,2474,0,2474.0,277.8,Net Banking,2025,8,August,2025-08,11.228779304769605,0.0
ORD10344,2025-08-09,Customer_137,Tamil Nadu,Furniture,Desk,4,23154,0,92616.0,19272.49,Credit Card,2025,8,August,2025-08,20.809028677550316,0.0
ORD10775,2025-08-12,Customer_083,Karnataka,Furniture,Bookshelf,2,7213,0,14426.0,3029.33,UPI,2025,8,August,2025-08,20.999098849299873,0.0
ORD10755,2025-08-13,Customer_025,Delhi,Furniture,Bookshelf,2,6237,5,11850.3,2526.2,Cash,2025,8,August,2025-08,21.317603773744125,623.7
ORD10876,2025-08-13,Customer_138,Telangana,Clothing,Jeans,4,3194,20,10220.8,1172.54,UPI,2025,8,August,2025-08,11.472096117720728,2555.2
ORD10397,2025-08-14,Customer_115,Andhra Pradesh,Home & Kitchen,Dinner Set,1,5000,10,4500.0,707.45,Debit Card,2025,8,August,2025-08,15.721111111111114,500.0
ORD10279,2025-08-14,Customer_041,Maharashtra,Electronics,Monitor,4,20834,10,75002.4,14624.07,UPI,2025,8,August,2025-08,19.498136059646093,8333.6
ORD10368,2025-08-14,Customer_101,Tamil Nadu,Furniture,Sofa,3,49587,0,148761.0,28029.79,Credit Card,2025,8,August,2025-08,18.842162932489025,0.0
ORD10020,2025-08-14,Customer_185,Kerala,Clothing,Backpack,4,3233,5,12285.4,1845.75,Cash,2025,8,August,2025-08,15.023930844742539,646.6
ORD10702,2025-08-15,Customer_200,Delhi,Home & Kitchen,Mixer,2,7023,0,14046.0,2720.84,Debit Card,2025,8,August,2025-08,19.370924106507193,0.0
ORD10526,2025-08-15,Customer_175,Telangana,Clothing,Backpack,5,1843,0,9215.0,817.33,UPI,2025,8,August,2025-08,8.869560499186111,0.0
ORD10278,2025-08-17,Customer_077,Telangana,Furniture,Bookshelf,2,5866,10,10558.8,2266.68,Cash,2025,8,August,2025-08,21.467212183202637,1173.2
ORD10995,2025-08-17,Customer_166,Tamil Nadu,Home & Kitchen,Dinner Set,4,4430,0,17720.0,4290.32,Cash,2025,8,August,2025-08,24.211738148984196,0.0
ORD10057,2025-08-17,Customer_037,Maharashtra,Home & Kitchen,Dinner Set,1,4866,5,4622.7,567.2,Cash,2025,8,August,2025-08,12.269885564713265,243.3
ORD10827,2025-08-18,Customer_152,Maharashtra,Clothing,Jeans,4,3620,0,14480.0,1435.55,Debit Card,2025,8,August,2025-08,9.914019337016574,0.0
ORD10813,2025-08-18,Customer_098,Karnataka,Electronics,Headphones,3,6818,15,17385.9,3520.04,Net Banking,2025,8,August,2025-08,20.246521606589248,3068.1
ORD10475,2025-08-19,Customer_189,Karnataka,Clothing,Jacket,5,4980,0,24900.0,5953.82,Cash,2025,8,August,2025-08,23.910923694779115,0.0
ORD10668,2025-08-19,Customer_006,Karnataka,Home & Kitchen,Cookware Set,1,1659,15,1410.15,244.79,Cash,2025,8,August,2025-08,17.359146190121617,248.85
ORD10273,2025-08-20,Customer_091,Karnataka,Home & Kitchen,Dinner Set,2,3280,0,6560.0,1321.85,UPI,2025,8,August,2025-08,20.15015243902439,0.0
ORD10269,2025-08-20,Customer_094,Tamil Nadu,Clothing,Backpack,2,2768,15,4705.6,649.2,UPI,2025,8,August,2025-08,13.79632777966678,830.4
ORD10121,2025-08-21,Customer_126,Andhra Pradesh,Home & Kitchen,Air Fryer,3,10659,5,30378.15,2638.16,Cash,2025,8,August,2025-08,8.684399807098194,1598.85
ORD10617,2025-08-23,Customer_039,Tamil Nadu,Electronics,Keyboard,1,1898,5,1803.1,185.7,UPI,2025,8,August,2025-08,10.29892962120792,94.9
ORD10829,2025-08-24,Customer_022,Karnataka,Clothing,Jacket,3,2772,0,8316.0,1918.37,UPI,2025,8,August,2025-08,23.068422318422314,0.0
ORD10232,2025-08-24,Customer_142,Andhra Pradesh,Home & Kitchen,Dinner Set,3,1178,0,3534.0,744.47,Debit Card,2025,8,August,2025-08,21.06593095642332,0.0
ORD10529,2025-08-25,Customer_142,Telangana,Furniture,Bookshelf,3,7761,10,20954.7,3398.01,Debit Card,2025,8,August,2025-08,16.21598018582943,2328.3
ORD10522,2025-08-25,Customer_001,Maharashtra,Clothing,Jacket,4,2275,0,9100.0,980.73,Cash,2025,8,August,2025-08,10.777252747252748,0.0
ORD10725,2025-08-25,Customer_108,Kerala,Electronics,Headphones,5,10120,5,48070.0,9360.76,Credit Card,2025,8,August,2025-08,19.473184938631164,2530.0
ORD10346,2025-08-25,Customer_011,Karnataka,Clothing,Jacket,3,4301,20,10322.4,1703.12,Credit Card,2025,8,August,2025-08,16.4992637371154,2580.6
ORD10347,2025-08-25,Customer_069,Karnataka,Clothing,Jacket,4,4514,0,18056.0,3685.99,Debit Card,2025,8,August,2025-08,20.41421134249003,0.0
ORD10511,2025-08-26,Customer_153,Karnataka,Electronics,Headphones,5,7207,5,34233.25,6379.73,Net Banking,2025,8,August,2025-08,18.636062892071305,1801.75
ORD10155,2025-08-26,Customer_025,Maharashtra,Electronics,Laptop,5,63351,10,285079.5,61840.44,UPI,2025,8,August,2025-08,21.69234897633818,31675.5
ORD10987,2025-08-26,Customer_123,Delhi,Home & Kitchen,Bottle,1,904,5,858.8,91.45,Credit Card,2025,8,August,2025-08,10.648579413134607,45.2
ORD10198,2025-08-26,Customer_018,Andhra Pradesh,Home & Kitchen,Air Fryer,2,6315,10,11367.0,1703.94,UPI,2025,8,August,2025-08,14.99023489047242,1263.0
ORD10745,2025-08-27,Customer_034,Karnataka,Clothing,T-Shirt,5,1372,0,6860.0,789.99,UPI,2025,8,August,2025-08,11.515889212827988,0.0
ORD10424,2025-08-27,Customer_047,Delhi,Clothing,Shoes,2,3400,0,6800.0,1293.97,Credit Card,2025,8,August,2025-08,19.028970588235296,0.0
ORD10691,2025-08-29,Customer_163,Karnataka,Furniture,Desk,2,20087,5,38165.3,7046.14,Credit Card,2025,8,August,2025-08,18.462163273968763,2008.7
ORD10249,2025-08-30,Customer_013,Tamil Nadu,Electronics,Monitor,5,15716,10,70722.0,11252.38,Cash,2025,8,August,2025-08,15.910720850654675,7858.0
ORD10924,2025-08-31,Customer_152,Telangana,Clothing,Jacket,2,3690,5,7011.0,569.2,Debit Card,2025,8,August,2025-08,8.118670660390816,369.0
ORD10981,2025-08-31,Customer_136,Delhi,Home & Kitchen,Mixer,4,6605,5,25099.0,2722.9,Credit Card,2025,8,August,2025-08,10.848639388023427,1321.0
ORD10242,2025-09-03,Customer_138,Kerala,Clothing,Shoes,5,1693,5,8041.75,1804.62,Debit Card,2025,9,September,2025-09,22.44063792085056,423.25
ORD10164,2025-09-03,Customer_027,Delhi,Home & Kitchen,Cookware Set,5,3720,5,17670.0,1517.75,Credit Card,2025,9,September,2025-09,8.589417091114884,930.0
ORD10446,2025-09-03,Customer_016,Karnataka,Clothing,Jeans,4,3372,5,12813.6,2257.69,Net Banking,2025,9,September,2025-09,17.61948242492352,674.4
ORD10422,2025-09-04,Customer_174,Karnataka,Furniture,Bookshelf,4,4054,10,14594.4,3186.44,Credit Card,2025,9,September,2025-09,21.833305925560488,1621.6
ORD10087,2025-09-04,Customer_044,Tamil Nadu,Furniture,Bookshelf,4,9450,5,35910.0,4232.17,Debit Card,2025,9,September,2025-09,11.785491506544139,1890.0
ORD10253,2025-09-05,Customer_035,Tamil Nadu,Home & Kitchen,Cookware Set,1,5957,5,5659.15,479.53,Credit Card,2025,9,September,2025-09,8.473534011291449,297.85
ORD10855,2025-09-05,Customer_188,Karnataka,Clothing,Backpack,5,2647,10,11911.5,1101.48,Net Banking,2025,9,September,2025-09,9.24719808588339,1323.5
ORD10879,2025-09-06,Customer_177,Tamil Nadu,Electronics,Mobile,1,44430,20,35544.0,2844.89,Net Banking,2025,9,September,2025-09,8.003854377672743,8886.0
ORD10861,2025-09-06,Customer_010,Maharashtra,Home & Kitchen,Bottle,3,577,0,1731.0,196.07,Cash,2025,9,September,2025-09,11.326978625072211,0.0
ORD10314,2025-09-07,Customer_048,Kerala,Clothing,Shoes,4,6943,5,26383.4,4418.12,Credit Card,2025,9,September,2025-09,16.745832606866436,1388.6
ORD10299,2025-09-08,Customer_177,Andhra Pradesh,Electronics,Mobile,4,18588,5,70634.4,13453.31,Debit Card,2025,9,September,2025-09,19.04639948806814,3717.6
ORD10410,2025-09-08,Customer_159,Delhi,Furniture,Office Chair,2,8273,10,14891.4,3717.15,UPI,2025,9,September,2025-09,24.9617228736049,1654.6
ORD10644,2025-09-09,Customer_200,Telangana,Electronics,Headphones,1,10165,0,10165.0,1264.5,Debit Card,2025,9,September,2025-09,12.439744220363993,0.0
ORD10576,2025-09-09,Customer_171,Tamil Nadu,Furniture,Table,5,14559,10,65515.5,11916.69,UPI,2025,9,September,2025-09,18.189115552808115,7279.5
ORD10229,2025-09-10,Customer_167,Maharashtra,Electronics,Monitor,2,23868,15,40575.6,7214.79,Net Banking,2025,9,September,2025-09,17.781104900482063,7160.4
ORD10324,2025-09-11,Customer_065,Delhi,Furniture,Table,1,7808,10,7027.2,773.5,Debit Card,2025,9,September,2025-09,11.007229052823316,780.8
ORD10143,2025-09-11,Customer_187,Tamil Nadu,Home & Kitchen,Cookware Set,5,4159,15,17675.75,4030.37,Debit Card,2025,9,September,2025-09,22.801691583101142,3119.25
ORD10315,2025-09-12,Customer_065,Andhra Pradesh,Clothing,Backpack,2,1789,0,3578.0,337.98,Cash,2025,9,September,2025-09,9.4460592509782,0.0
ORD10353,2025-09-12,Customer_167,Telangana,Electronics,Headphones,4,7401,5,28123.8,5200.32,UPI,2025,9,September,2025-09,18.490815608132614,1480.2
ORD10605,2025-09-12,Customer_118,Tamil Nadu,Clothing,T-Shirt,2,1046,10,1882.8,335.74,Net Banking,2025,9,September,2025-09,17.831952411302314,209.2
ORD10828,2025-09-12,Customer_046,Maharashtra,Furniture,Sofa,1,35963,10,32366.7,4833.07,Debit Card,2025,9,September,2025-09,14.932229729938484,3596.3
ORD10400,2025-09-12,Customer_094,Karnataka,Electronics,Monitor,4,12361,5,46971.8,5761.07,Cash,2025,9,September,2025-09,12.264954717511356,2472.2
ORD10339,2025-09-12,Customer_076,Andhra Pradesh,Home & Kitchen,Dinner Set,2,1909,5,3627.1,680.11,Cash,2025,9,September,2025-09,18.750792644261256,190.9
ORD10359,2025-09-13,Customer_031,Tamil Nadu,Electronics,Keyboard,3,2656,15,6772.8,1092.75,Debit Card,2025,9,September,2025-09,16.134390503189227,1195.2
ORD10834,2025-09-14,Customer_163,Tamil Nadu,Home & Kitchen,Cookware Set,4,5926,10,21333.6,2687.93,UPI,2025,9,September,2025-09,12.599514381070238,2370.4
ORD10276,2025-09-15,Customer_029,Andhra Pradesh,Home & Kitchen,Cookware Set,4,2355,0,9420.0,1871.11,Net Banking,2025,9,September,2025-09,19.86316348195329,0.0
ORD10811,2025-09-15,Customer_057,Tamil Nadu,Clothing,Jeans,4,3195,5,12141.0,2104.21,UPI,2025,9,September,2025-09,17.331438925953382,639.0
ORD10551,2025-09-15,Customer_110,Delhi,Electronics,Headphones,4,5258,15,17877.2,1664.76,Net Banking,2025,9,September,2025-09,9.312196540845322,3154.8
ORD10318,2025-09-15,Customer_090,Karnataka,Electronics,Monitor,2,25977,0,51954.0,9518.65,Debit Card,2025,9,September,2025-09,18.321303460753743,0.0
ORD10678,2025-09-16,Customer_024,Tamil Nadu,Home & Kitchen,Dinner Set,1,4702,0,4702.0,1023.75,Credit Card,2025,9,September,2025-09,21.772649936197364,0.0
ORD10312,2025-09-16,Customer_078,Maharashtra,Clothing,Jacket,1,3675,15,3123.75,758.44,Net Banking,2025,9,September,2025-09,24.27979191676671,551.25
ORD10836,2025-09-16,Customer_046,Delhi,Home & Kitchen,Air Fryer,1,8320,10,7488.0,1798.24,Credit Card,2025,9,September,2025-09,24.014957264957264,832.0
ORD10940,2025-09-16,Customer_101,Tamil Nadu,Furniture,Table,1,5296,5,5031.2,1151.66,UPI,2025,9,September,2025-09,22.89036412784227,264.8
ORD10717,2025-09-16,Customer_127,Karnataka,Clothing,Backpack,5,3479,5,16525.25,1460.3,Net Banking,2025,9,September,2025-09,8.83678007897006,869.75
ORD10689,2025-09-19,Customer_162,Tamil Nadu,Clothing,Backpack,5,3141,0,15705.0,2826.25,Credit Card,2025,9,September,2025-09,17.995861190703597,0.0
ORD10504,2025-09-19,Customer_171,Maharashtra,Home & Kitchen,Air Fryer,1,10660,0,10660.0,2274.3,UPI,2025,9,September,2025-09,21.334896810506567,0.0
ORD10856,2025-09-21,Customer_113,Telangana,Electronics,Monitor,1,19847,0,19847.0,3825.21,Net Banking,2025,9,September,2025-09,19.27349221544818,0.0
ORD10083,2025-09-22,Customer_068,Kerala,Electronics,Mobile,3,42112,5,120019.2,12057.84,UPI,2025,9,September,2025-09,10.04659254519277,6316.8
ORD10577,2025-09-22,Customer_101,Andhra Pradesh,Electronics,Headphones,2,1276,0,2552.0,520.28,Debit Card,2025,9,September,2025-09,20.387147335423197,0.0
ORD10251,2025-09-23,Customer_186,Andhra Pradesh,Furniture,Office Chair,1,9378,0,9378.0,880.33,Cash,2025,9,September,2025-09,9.38718276818085,0.0
ORD10502,2025-09-23,Customer_021,Delhi,Electronics,Mobile,1,30951,0,30951.0,6821.86,Net Banking,2025,9,September,2025-09,22.04083874511324,0.0
ORD10109,2025-09-23,Customer_127,Maharashtra,Furniture,Desk,3,16487,10,44514.9,10132.91,Credit Card,2025,9,September,2025-09,22.762962513675195,4946.1
ORD10190,2025-09-24,Customer_133,Karnataka,Furniture,Bookshelf,5,10804,5,51319.0,12631.53,Debit Card,2025,9,September,2025-09,24.613749293633937,2701.0
ORD10216,2025-09-24,Customer_146,Delhi,Electronics,Monitor,2,26111,5,49610.9,10423.83,Cash,2025,9,September,2025-09,21.011168916508264,2611.1
ORD10149,2025-09-25,Customer_098,Tamil Nadu,Electronics,Laptop,3,53472,15,136353.6,21156.38,UPI,2025,9,September,2025-09,15.515820631065115,24062.4
ORD10709,2025-09-25,Customer_072,Andhra Pradesh,Home & Kitchen,Air Fryer,5,6671,10,30019.5,5282.84,UPI,2025,9,September,2025-09,17.598027948500143,3335.5
ORD10664,2025-09-26,Customer_160,Telangana,Furniture,Bookshelf,5,10651,0,53255.0,5839.39,Net Banking,2025,9,September,2025-09,10.964961036522393,0.0
ORD11000,2025-09-27,Customer_100,Delhi,Clothing,Jeans,4,1884,20,6028.8,1453.68,Net Banking,2025,9,September,2025-09,24.112261146496817,1507.2
ORD10014,2025-09-27,Customer_177,Delhi,Clothing,Backpack,4,1284,15,4365.6,953.86,UPI,2025,9,September,2025-09,21.849459409932194,770.4
ORD10578,2025-09-28,Customer_165,Karnataka,Furniture,Bookshelf,2,4999,15,8498.3,1135.47,Net Banking,2025,9,September,2025-09,13.361142816798655,1499.7
ORD10832,2025-09-28,Customer_008,Tamil Nadu,Electronics,Monitor,3,29936,15,76336.8,14920.61,Cash,2025,9,September,2025-09,19.545762987183117,13471.2
ORD10926,2025-09-28,Customer_145,Kerala,Clothing,Jeans,2,3807,0,7614.0,912.98,Credit Card,2025,9,September,2025-09,11.990806409246126,0.0
ORD10183,2025-09-28,Customer_072,Andhra Pradesh,Furniture,Office Chair,4,16240,10,58464.0,8259.83,Debit Card,2025,9,September,2025-09,14.128061713191023,6496.0
ORD10862,2025-09-28,Customer_006,Delhi,Electronics,Keyboard,2,1032,0,2064.0,452.93,Credit Card,2025,9,September,2025-09,21.944282945736436,0.0
ORD10039,2025-09-28,Customer_131,Telangana,Electronics,Headphones,5,3307,20,13228.0,3159.27,Cash,2025,9,September,2025-09,23.883202298155428,3307.0
ORD10062,2025-09-30,Customer_118,Kerala,Clothing,Jeans,5,3892,0,19460.0,3452.54,Net Banking,2025,9,September,2025-09,17.741726618705037,0.0
ORD10098,2025-09-30,Customer_130,Telangana,Home & Kitchen,Dinner Set,2,2674,10,4813.2,467.08,Net Banking,2025,9,September,2025-09,9.704146929277819,534.8
ORD10069,2025-10-01,Customer_126,Karnataka,Home & Kitchen,Cookware Set,4,4490,10,16164.0,2378.96,Debit Card,2025,10,October,2025-10,14.717644147488246,1796.0
ORD10297,2025-10-02,Customer_043,Maharashtra,Furniture,Desk,4,15324,5,58231.2,12889.95,Cash,2025,10,October,2025-10,22.135813790545278,3064.8
ORD10542,2025-10-02,Customer_024,Maharashtra,Furniture,Office Chair,5,8536,0,42680.0,4125.5,UPI,2025,10,October,2025-10,9.666119962511715,0.0
ORD10147,2025-10-03,Customer_030,Telangana,Clothing,Jeans,4,2882,5,10951.6,971.63,Cash,2025,10,October,2025-10,8.872036962635596,576.4
ORD10948,2025-10-03,Customer_085,Maharashtra,Home & Kitchen,Dinner Set,5,4212,0,21060.0,2751.94,Credit Card,2025,10,October,2025-10,13.067141500474836,0.0
ORD10525,2025-10-04,Customer_045,Tamil Nadu,Furniture,Desk,2,7207,5,13693.3,1995.66,Debit Card,2025,10,October,2025-10,14.573988739018354,720.7
ORD10672,2025-10-04,Customer_120,Karnataka,Furniture,Desk,2,15203,0,30406.0,3447.13,Credit Card,2025,10,October,2025-10,11.337005854107742,0.0
ORD10159,2025-10-05,Customer_128,Karnataka,Electronics,Keyboard,1,3746,15,3184.1,399.89,Credit Card,2025,10,October,2025-10,12.558964856631388,561.9
ORD10298,2025-10-06,Customer_074,Telangana,Clothing,T-Shirt,5,1791,0,8955.0,2114.52,Debit Card,2025,10,October,2025-10,23.612730318257956,0.0
ORD10572,2025-10-06,Customer_147,Telangana,Clothing,Backpack,5,1482,0,7410.0,1015.27,Debit Card,2025,10,October,2025-10,13.701349527665316,0.0
ORD10620,2025-10-06,Customer_138,Tamil Nadu,Clothing,Shoes,1,1687,5,1602.65,164.45,Debit Card,2025,10,October,2025-10,10.261130003431814,84.35
ORD10389,2025-10-08,Customer_051,Karnataka,Electronics,Monitor,2,12134,0,24268.0,3244.18,Cash,2025,10,October,2025-10,13.368139113235536,0.0
ORD10803,2025-10-08,Customer_001,Delhi,Electronics,Headphones,3,4923,20,11815.2,1284.38,Debit Card,2025,10,October,2025-10,10.87057349854425,2953.8
ORD10319,2025-10-09,Customer_146,Andhra Pradesh,Clothing,Shoes,5,3274,5,15551.5,2271.82,UPI,2025,10,October,2025-10,14.608365752499761,818.5
ORD10137,2025-10-09,Customer_104,Andhra Pradesh,Electronics,Headphones,4,8418,15,28621.2,3389.71,Debit Card,2025,10,October,2025-10,11.843353877545317,5050.8
ORD10550,2025-10-10,Customer_082,Andhra Pradesh,Clothing,Jeans,3,1564,15,3988.2,520.16,Debit Card,2025,10,October,2025-10,13.042475302141316,703.8
ORD10887,2025-10-10,Customer_104,Andhra Pradesh,Electronics,Keyboard,4,4113,5,15629.4,3718.19,Net Banking,2025,10,October,2025-10,23.78971681574469,822.6
ORD10262,2025-10-10,Customer_103,Delhi,Furniture,Table,3,8976,5,25581.6,5918.7,Cash,2025,10,October,2025-10,23.136551271226192,1346.4
ORD10363,2025-10-11,Customer_130,Tamil Nadu,Electronics,Laptop,5,57336,10,258012.0,23142.28,Net Banking,2025,10,October,2025-10,8.969458784862718,28668.0
ORD10029,2025-10-11,Customer_157,Karnataka,Home & Kitchen,Mixer,2,5476,5,10404.4,1573.78,UPI,2025,10,October,2025-10,15.126100495944023,547.6
ORD10563,2025-10-12,Customer_053,Karnataka,Clothing,Jeans,2,3690,0,7380.0,1286.37,Credit Card,2025,10,October,2025-10,17.430487804878048,0.0
ORD10978,2025-10-12,Customer_112,Delhi,Home & Kitchen,Mixer,4,6447,0,25788.0,4450.35,Debit Card,2025,10,October,2025-10,17.257445323406237,0.0
ORD10135,2025-10-13,Customer_085,Tamil Nadu,Clothing,Backpack,1,3057,0,3057.0,663.25,Credit Card,2025,10,October,2025-10,21.696107294733398,0.0
ORD10011,2025-10-14,Customer_045,Karnataka,Clothing,Backpack,1,3355,0,3355.0,582.47,UPI,2025,10,October,2025-10,17.36125186289121,0.0
ORD10575,2025-10-15,Customer_159,Andhra Pradesh,Clothing,Jeans,5,3033,10,13648.5,3311.71,Credit Card,2025,10,October,2025-10,24.26427812580137,1516.5
ORD10274,2025-10-16,Customer_092,Delhi,Home & Kitchen,Air Fryer,5,5800,0,29000.0,3766.23,Credit Card,2025,10,October,2025-10,12.987000000000002,0.0
ORD10744,2025-10-16,Customer_110,Andhra Pradesh,Electronics,Mobile,1,17355,20,13884.0,2468.02,Net Banking,2025,10,October,2025-10,17.776001152405644,3471.0
ORD10801,2025-10-18,Customer_147,Tamil Nadu,Electronics,Keyboard,4,4059,5,15424.2,1895.53,Credit Card,2025,10,October,2025-10,12.289324567886826,811.8
ORD10968,2025-10-19,Customer_037,Kerala,Furniture,Desk,3,10967,0,32901.0,6935.7,Credit Card,2025,10,October,2025-10,21.080514270082976,0.0
ORD10035,2025-10-19,Customer_177,Delhi,Furniture,Desk,3,20203,15,51517.65,10527.77,UPI,2025,10,October,2025-10,20.435268301252098,9091.35
ORD10181,2025-10-20,Customer_096,Andhra Pradesh,Electronics,Mobile,2,41492,10,74685.6,7959.53,Net Banking,2025,10,October,2025-10,10.657382413745085,8298.4
ORD10241,2025-10-21,Customer_141,Tamil Nadu,Furniture,Office Chair,1,16093,0,16093.0,2945.33,Debit Card,2025,10,October,2025-10,18.30193251724352,0.0
ORD10414,2025-10-21,Customer_200,Maharashtra,Electronics,Monitor,2,23730,0,47460.0,4725.82,Cash,2025,10,October,2025-10,9.957479983143699,0.0
ORD10250,2025-10-21,Customer_051,Andhra Pradesh,Clothing,Jacket,1,2529,20,2023.2,166.56,Credit Card,2025,10,October,2025-10,8.23250296559905,505.8
ORD10685,2025-10-23,Customer_156,Delhi,Electronics,Monitor,4,27268,10,98164.8,11168.17,Cash,2025,10,October,2025-10,11.376959969357651,10907.2
ORD10494,2025-10-23,Customer_113,Kerala,Furniture,Table,2,7835,15,13319.5,2067.69,Debit Card,2025,10,October,2025-10,15.523780922707308,2350.5
ORD10474,2025-10-24,Customer_160,Maharashtra,Home & Kitchen,Dinner Set,4,2439,5,9268.2,1656.32,UPI,2025,10,October,2025-10,17.870999762629204,487.8
ORD10992,2025-10-24,Customer_019,Maharashtra,Home & Kitchen,Mixer,2,4129,20,6606.4,573.22,UPI,2025,10,October,2025-10,8.676737708888352,1651.6
ORD10935,2025-10-24,Customer_143,Karnataka,Home & Kitchen,Bottle,5,919,0,4595.0,513.77,Cash,2025,10,October,2025-10,11.181066376496192,0.0
ORD10261,2025-10-25,Customer_067,Tamil Nadu,Electronics,Laptop,1,62709,0,62709.0,5554.19,Net Banking,2025,10,October,2025-10,8.857085904734568,0.0
ORD10928,2025-10-26,Customer_141,Tamil Nadu,Home & Kitchen,Cookware Set,3,3993,10,10781.1,1480.74,UPI,2025,10,October,2025-10,13.734591089962992,1197.9
ORD10357,2025-10-27,Customer_115,Kerala,Furniture,Desk,5,24850,15,105612.5,25747.44,Net Banking,2025,10,October,2025-10,24.379159663865547,18637.5
ORD10465,2025-10-27,Customer_103,Maharashtra,Home & Kitchen,Bottle,1,973,10,875.7,210.12,Debit Card,2025,10,October,2025-10,23.994518670777662,97.3
ORD10752,2025-10-27,Customer_041,Andhra Pradesh,Electronics,Headphones,1,11270,5,10706.5,1594.25,Net Banking,2025,10,October,2025-10,14.890487087283427,563.5
ORD10129,2025-10-28,Customer_042,Maharashtra,Home & Kitchen,Dinner Set,1,4725,0,4725.0,1104.33,UPI,2025,10,October,2025-10,23.372063492063493,0.0
ORD10765,2025-10-28,Customer_027,Tamil Nadu,Electronics,Laptop,5,70351,0,351755.0,31873.69,Cash,2025,10,October,2025-10,9.061332461514406,0.0
ORD10104,2025-10-29,Customer_106,Telangana,Home & Kitchen,Bottle,5,1192,15,5066.0,425.7,Credit Card,2025,10,October,2025-10,8.403079352546387,894.0
ORD10858,2025-10-29,Customer_186,Maharashtra,Clothing,Jeans,5,1633,20,6532.0,983.55,Cash,2025,10,October,2025-10,15.057409675443967,1633.0
ORD10144,2025-10-31,Customer_114,Telangana,Home & Kitchen,Dinner Set,1,1500,0,1500.0,141.3,Cash,2025,10,October,2025-10,9.42,0.0
ORD10498,2025-11-02,Customer_016,Kerala,Home & Kitchen,Mixer,1,6235,5,5923.25,1065.95,Credit Card,2025,11,November,2025-11,17.99603258346347,311.75
ORD10233,2025-11-02,Customer_022,Andhra Pradesh,Home & Kitchen,Bottle,2,431,20,689.6,81.69,Net Banking,2025,11,November,2025-11,11.845997679814385,172.4
ORD10565,2025-11-03,Customer_099,Delhi,Home & Kitchen,Bottle,4,1242,0,4968.0,400.98,Net Banking,2025,11,November,2025-11,8.071256038647343,0.0
ORD10215,2025-11-03,Customer_106,Karnataka,Clothing,T-Shirt,4,981,0,3924.0,454.22,UPI,2025,11,November,2025-11,11.575433231396536,0.0
ORD10960,2025-11-03,Customer_099,Telangana,Clothing,Shoes,2,1585,5,3011.5,280.78,UPI,2025,11,November,2025-11,9.32359289390669,158.5
ORD10385,2025-11-03,Customer_198,Maharashtra,Electronics,Mobile,4,25467,10,91681.2,16007.44,UPI,2025,11,November,2025-11,17.459893631409713,10186.8
ORD10380,2025-11-03,Customer_025,Telangana,Electronics,Laptop,2,73011,0,146022.0,20738.02,Debit Card,2025,11,November,2025-11,14.201983262796016,0.0
ORD10102,2025-11-04,Customer_069,Kerala,Furniture,Desk,1,18576,5,17647.2,1900.84,Debit Card,2025,11,November,2025-11,10.771340495942699,928.8
ORD10221,2025-11-05,Customer_017,Kerala,Clothing,Shoes,1,3879,20,3103.2,764.8,Cash,2025,11,November,2025-11,24.645527197731372,775.8
ORD10284,2025-11-05,Customer_024,Andhra Pradesh,Clothing,T-Shirt,3,1278,15,3258.9,411.38,Credit Card,2025,11,November,2025-11,12.623277793120376,575.1
ORD10394,2025-11-05,Customer_048,Telangana,Home & Kitchen,Cookware Set,4,2641,5,10035.8,1955.6,UPI,2025,11,November,2025-11,19.486239263436897,528.2
ORD10681,2025-11-06,Customer_044,Andhra Pradesh,Home & Kitchen,Dinner Set,2,4361,10,7849.8,1846.41,Cash,2025,11,November,2025-11,23.521745776962472,872.2
ORD10956,2025-11-06,Customer_156,Kerala,Clothing,Shoes,1,5167,15,4391.95,1030.36,UPI,2025,11,November,2025-11,23.460194218968795,775.05
ORD10300,2025-11-06,Customer_192,Telangana,Home & Kitchen,Air Fryer,3,7311,15,18643.05,1819.26,Net Banking,2025,11,November,2025-11,9.758381809843348,3289.95
ORD10442,2025-11-07,Customer_090,Karnataka,Home & Kitchen,Mixer,4,7137,15,24265.8,3366.44,Debit Card,2025,11,November,2025-11,13.873187778684404,4282.2
ORD10622,2025-11-07,Customer_015,Kerala,Furniture,Table,4,15948,15,54223.2,13088.2,UPI,2025,11,November,2025-11,24.137638501600794,9568.8
ORD10840,2025-11-07,Customer_165,Karnataka,Electronics,Headphones,3,9835,20,23604.0,2447.1,Net Banking,2025,11,November,2025-11,10.367310625317742,5901.0
ORD10364,2025-11-08,Customer_105,Maharashtra,Furniture,Office Chair,1,14342,0,14342.0,1404.54,Credit Card,2025,11,November,2025-11,9.79319481243899,0.0
ORD10650,2025-11-10,Customer_140,Delhi,Electronics,Mobile,1,27592,15,23453.2,3822.64,Debit Card,2025,11,November,2025-11,16.29901250149233,4138.8
ORD10767,2025-11-10,Customer_074,Karnataka,Electronics,Monitor,4,28604,10,102974.4,10146.31,Cash,2025,11,November,2025-11,9.853235367236906,11441.6
ORD10009,2025-11-10,Customer_081,Tamil Nadu,Clothing,Backpack,3,807,5,2299.95,214.03,UPI,2025,11,November,2025-11,9.305854475097286,121.05
ORD10896,2025-11-10,Customer_180,Kerala,Home & Kitchen,Cookware Set,2,3446,10,6202.8,533.75,UPI,2025,11,November,2025-11,8.60498484555362,689.2
ORD10938,2025-11-11,Customer_170,Andhra Pradesh,Electronics,Laptop,5,48642,15,206728.5,31207.14,Cash,2025,11,November,2025-11,15.09571249247201,36481.5
ORD10547,2025-11-11,Customer_187,Andhra Pradesh,Electronics,Mobile,5,33083,0,165415.0,14515.08,Cash,2025,11,November,2025-11,8.77494785841671,0.0
ORD10060,2025-11-14,Customer_098,Karnataka,Electronics,Laptop,5,71819,20,287276.0,48088.92,Debit Card,2025,11,November,2025-11,16.739623219482308,71819.0
ORD10642,2025-11-14,Customer_146,Maharashtra,Furniture,Desk,5,8951,0,44755.0,9516.53,Net Banking,2025,11,November,2025-11,21.263613004133617,0.0
ORD10583,2025-11-17,Customer_108,Karnataka,Home & Kitchen,Air Fryer,2,4695,5,8920.5,1923.06,Debit Card,2025,11,November,2025-11,21.557760215234573,469.5
ORD10541,2025-11-18,Customer_186,Tamil Nadu,Clothing,Shoes,2,5325,5,10117.5,893.15,Credit Card,2025,11,November,2025-11,8.827773659500865,532.5
ORD10150,2025-11-18,Customer_057,Delhi,Home & Kitchen,Air Fryer,5,4423,0,22115.0,3026.4,Cash,2025,11,November,2025-11,13.684829301379157,0.0
ORD10527,2025-11-19,Customer_026,Andhra Pradesh,Clothing,T-Shirt,4,1057,10,3805.2,561.74,Debit Card,2025,11,November,2025-11,14.762430358456848,422.8
ORD10679,2025-11-20,Customer_065,Andhra Pradesh,Furniture,Desk,1,12046,0,12046.0,1843.57,Credit Card,2025,11,November,2025-11,15.30441640378549,0.0
ORD10687,2025-11-20,Customer_199,Andhra Pradesh,Furniture,Desk,2,9167,0,18334.0,2421.75,Net Banking,2025,11,November,2025-11,13.209065124904548,0.0
ORD10959,2025-11-21,Customer_115,Andhra Pradesh,Furniture,Office Chair,1,11236,20,8988.8,1551.35,Debit Card,2025,11,November,2025-11,17.25869971520114,2247.2
ORD10671,2025-11-21,Customer_088,Tamil Nadu,Electronics,Monitor,2,25237,5,47950.3,11144.5,Cash,2025,11,November,2025-11,23.241773252722087,2523.7
ORD10471,2025-11-21,Customer_018,Delhi,Electronics,Monitor,2,26330,0,52660.0,4573.44,Cash,2025,11,November,2025-11,8.684846183061145,0.0
ORD10735,2025-11-22,Customer_083,Maharashtra,Furniture,Sofa,5,32508,15,138159.0,18178.35,Cash,2025,11,November,2025-11,13.157557596682082,24381.0
ORD10654,2025-11-22,Customer_002,Delhi,Electronics,Mobile,2,46324,0,92648.0,16850.9,Credit Card,2025,11,November,2025-11,18.188088247992404,0.0
ORD10897,2025-11-22,Customer_159,Telangana,Furniture,Table,2,6783,0,13566.0,3378.42,Net Banking,2025,11,November,2025-11,24.90358248562583,0.0
ORD10641,2025-11-23,Customer_186,Telangana,Furniture,Bookshelf,1,5555,0,5555.0,779.49,UPI,2025,11,November,2025-11,14.032223222322232,0.0
ORD10326,2025-11-25,Customer_027,Delhi,Furniture,Office Chair,5,16641,0,83205.0,12938.18,Cash,2025,11,November,2025-11,15.549762634457064,0.0
ORD10548,2025-11-25,Customer_032,Tamil Nadu,Home & Kitchen,Bottle,1,1071,15,910.35,219.23,UPI,2025,11,November,2025-11,24.08194650409183,160.65
ORD10331,2025-11-26,Customer_100,Maharashtra,Electronics,Monitor,4,14054,15,47783.6,10422.59,Credit Card,2025,11,November,2025-11,21.812065227400197,8432.4
ORD10213,2025-11-26,Customer_050,Maharashtra,Electronics,Keyboard,1,1858,20,1486.4,369.57,Cash,2025,11,November,2025-11,24.863428417653388,371.6
ORD10913,2025-11-27,Customer_128,Andhra Pradesh,Electronics,Keyboard,1,4032,15,3427.2,850.3,Net Banking,2025,11,November,2025-11,24.810340802987863,604.8
ORD10661,2025-11-28,Customer_142,Telangana,Home & Kitchen,Air Fryer,3,10687,5,30457.95,2560.63,Net Banking,2025,11,November,2025-11,8.407098967593026,1603.05
ORD10951,2025-11-29,Customer_122,Maharashtra,Clothing,Jacket,4,4325,0,17300.0,3687.28,Net Banking,2025,11,November,2025-11,21.313757225433527,0.0
ORD10454,2025-11-29,Customer_021,Andhra Pradesh,Furniture,Bookshelf,4,11988,5,45554.4,4268.66,Cash,2025,11,November,2025-11,9.370466958186256,2397.6
ORD10122,2025-11-30,Customer_152,Kerala,Electronics,Monitor,2,9441,20,15105.6,2719.31,Cash,2025,11,November,2025-11,18.00199925855312,3776.4
ORD10002,2025-11-30,Customer_099,Delhi,Home & Kitchen,Mixer,2,4926,5,9359.4,1885.99,Cash,2025,11,November,2025-11,20.150757527191914,492.6
ORD10124,2025-11-30,Customer_198,Karnataka,Clothing,Jeans,2,3038,5,5772.2,1417.34,Credit Card,2025,11,November,2025-11,24.55458923807214,303.8
ORD10740,2025-12-01,Customer_007,Karnataka,Home & Kitchen,Air Fryer,3,7374,5,21015.9,3087.33,Credit Card,2025,12,December,2025-12,14.690448660300056,1106.1
ORD10574,2025-12-01,Customer_015,Telangana,Furniture,Bookshelf,3,6637,10,17919.9,1733.43,Credit Card,2025,12,December,2025-12,9.673212462123114,1991.1
ORD10119,2025-12-02,Customer_026,Maharashtra,Home & Kitchen,Mixer,4,4738,10,17056.8,3647.65,Debit Card,2025,12,December,2025-12,21.38531260259838,1895.2
ORD10715,2025-12-02,Customer_037,Telangana,Home & Kitchen,Mixer,2,6399,15,10878.3,1401.43,Debit Card,2025,12,December,2025-12,12.882803379204471,1919.7
ORD10979,2025-12-02,Customer_126,Telangana,Home & Kitchen,Mixer,2,4176,0,8352.0,895.16,Credit Card,2025,12,December,2025-12,10.717911877394636,0.0
ORD10405,2025-12-02,Customer_175,Tamil Nadu,Home & Kitchen,Cookware Set,4,3091,0,12364.0,1119.51,UPI,2025,12,December,2025-12,9.054593982529925,0.0
ORD10355,2025-12-02,Customer_174,Delhi,Home & Kitchen,Air Fryer,1,8008,5,7607.6,862.41,Debit Card,2025,12,December,2025-12,11.336163836163836,400.4
ORD10061,2025-12-03,Customer_133,Karnataka,Clothing,T-Shirt,2,1429,0,2858.0,378.51,UPI,2025,12,December,2025-12,13.243876836948914,0.0
ORD10142,2025-12-03,Customer_181,Tamil Nadu,Electronics,Laptop,4,45141,10,162507.6,22323.22,UPI,2025,12,December,2025-12,13.736723697845516,18056.4
ORD10798,2025-12-04,Customer_006,Delhi,Clothing,Backpack,5,1340,10,6030.0,1205.14,Debit Card,2025,12,December,2025-12,19.985737976782755,670.0
ORD10079,2025-12-04,Customer_130,Maharashtra,Clothing,Jeans,2,3403,15,5785.1,488.15,Credit Card,2025,12,December,2025-12,8.4380563862336,1020.9
ORD10094,2025-12-04,Customer_172,Kerala,Furniture,Desk,2,15087,0,30174.0,6298.46,UPI,2025,12,December,2025-12,20.87379863458607,0.0
ORD10311,2025-12-05,Customer_195,Maharashtra,Home & Kitchen,Air Fryer,2,7760,0,15520.0,3487.28,Cash,2025,12,December,2025-12,22.46958762886598,0.0
ORD10153,2025-12-05,Customer_115,Tamil Nadu,Electronics,Mobile,2,46518,15,79080.6,8495.82,Net Banking,2025,12,December,2025-12,10.743241705298137,13955.4
ORD10067,2025-12-07,Customer_032,Maharashtra,Home & Kitchen,Air Fryer,4,7557,20,24182.4,5956.62,UPI,2025,12,December,2025-12,24.632046447002775,6045.6
ORD10867,2025-12-08,Customer_020,Maharashtra,Electronics,Keyboard,5,3209,10,14440.5,3001.59,Net Banking,2025,12,December,2025-12,20.785914615144907,1604.5
ORD10285,2025-12-09,Customer_099,Delhi,Furniture,Table,5,5517,15,23447.25,2744.3,Credit Card,2025,12,December,2025-12,11.704144409259081,4137.75
ORD10270,2025-12-09,Customer_196,Maharashtra,Clothing,Shoes,1,2203,10,1982.7,467.79,Credit Card,2025,12,December,2025-12,23.5935845059767,220.3
ORD10571,2025-12-10,Customer_087,Karnataka,Furniture,Bookshelf,5,8845,10,39802.5,3346.63,Cash,2025,12,December,2025-12,8.408089944098988,4422.5
ORD10053,2025-12-10,Customer_119,Maharashtra,Clothing,Backpack,3,1925,0,5775.0,1291.25,Debit Card,2025,12,December,2025-12,22.35930735930736,0.0
ORD10826,2025-12-12,Customer_174,Karnataka,Home & Kitchen,Dinner Set,2,3602,10,6483.6,1318.2,UPI,2025,12,December,2025-12,20.33129742735517,720.4
ORD10695,2025-12-14,Customer_028,Telangana,Furniture,Table,2,13080,15,22236.0,3737.28,UPI,2025,12,December,2025-12,16.807339449541285,3924.0
ORD10779,2025-12-15,Customer_101,Andhra Pradesh,Home & Kitchen,Bottle,3,1367,0,4101.0,803.93,UPI,2025,12,December,2025-12,19.603267495732744,0.0
ORD10760,2025-12-16,Customer_147,Kerala,Clothing,Jacket,5,3678,15,15631.5,3498.97,Debit Card,2025,12,December,2025-12,22.384096215974154,2758.5
ORD10777,2025-12-17,Customer_022,Telangana,Electronics,Monitor,1,10673,15,9072.05,1790.41,UPI,2025,12,December,2025-12,19.735451193500918,1600.95
ORD10629,2025-12-17,Customer_151,Maharashtra,Clothing,Jeans,5,1557,15,6617.25,1073.63,Cash,2025,12,December,2025-12,16.224715705164535,1167.75
ORD10059,2025-12-18,Customer_044,Andhra Pradesh,Clothing,Shoes,1,3060,0,3060.0,496.59,Credit Card,2025,12,December,2025-12,16.228431372549018,0.0
ORD10260,2025-12-18,Customer_147,Kerala,Clothing,Shoes,2,6296,10,11332.8,2766.35,Debit Card,2025,12,December,2025-12,24.410119299731754,1259.2
ORD10360,2025-12-19,Customer_011,Andhra Pradesh,Clothing,Jeans,4,3198,15,10873.2,1952.24,Credit Card,2025,12,December,2025-12,17.954603980428942,1918.8
ORD10712,2025-12-19,Customer_175,Delhi,Furniture,Sofa,1,47441,0,47441.0,11309.74,Net Banking,2025,12,December,2025-12,23.839590227861976,0.0
ORD10101,2025-12-21,Customer_110,Maharashtra,Clothing,T-Shirt,5,1430,5,6792.5,1239.06,Debit Card,2025,12,December,2025-12,18.24158998895841,357.5
ORD10692,2025-12-21,Customer_116,Andhra Pradesh,Furniture,Bookshelf,3,9056,10,24451.2,2295.18,Cash,2025,12,December,2025-12,9.38677856301531,2716.8
ORD10338,2025-12-21,Customer_131,Tamil Nadu,Clothing,Backpack,5,2089,5,9922.75,1018.53,UPI,2025,12,December,2025-12,10.264593988561638,522.25
ORD10966,2025-12-22,Customer_109,Delhi,Electronics,Laptop,2,69532,0,139064.0,11437.86,UPI,2025,12,December,2025-12,8.224889259621468,0.0
ORD10158,2025-12-22,Customer_075,Delhi,Furniture,Table,5,11789,5,55997.75,5900.62,Cash,2025,12,December,2025-12,10.537244800014287,2947.25
ORD10655,2025-12-23,Customer_143,Karnataka,Furniture,Bookshelf,4,10570,15,35938.0,6013.52,UPI,2025,12,December,2025-12,16.733040235961933,6342.0
ORD10358,2025-12-23,Customer_188,Karnataka,Home & Kitchen,Air Fryer,1,6282,10,5653.8,556.15,Net Banking,2025,12,December,2025-12,9.836746966641904,628.2
ORD10172,2025-12-23,Customer_188,Karnataka,Electronics,Mobile,2,46228,0,92456.0,12069.1,Cash,2025,12,December,2025-12,13.053885091286666,0.0
ORD10964,2025-12-23,Customer_067,Andhra Pradesh,Clothing,Jacket,1,5383,10,4844.7,526.61,Cash,2025,12,December,2025-12,10.869816500505708,538.3
ORD10757,2025-12-24,Customer_078,Kerala,Furniture,Desk,3,8005,0,24015.0,3432.69,UPI,2025,12,December,2025-12,14.293941286695816,0.0
ORD10633,2025-12-24,Customer_078,Telangana,Electronics,Monitor,3,21449,5,61129.65,10871.96,Net Banking,2025,12,December,2025-12,17.78508465204692,3217.35
ORD10845,2025-12-24,Customer_079,Telangana,Electronics,Headphones,5,3204,5,15219.0,2141.66,Debit Card,2025,12,December,2025-12,14.072278073460803,801.0
ORD10479,2025-12-24,Customer_070,Tamil Nadu,Electronics,Mobile,1,28766,10,25889.4,6254.64,Net Banking,2025,12,December,2025-12,24.15907668775638,2876.6
ORD10335,2025-12-28,Customer_127,Andhra Pradesh,Furniture,Sofa,2,49610,0,99220.0,19281.05,Net Banking,2025,12,December,2025-12,19.43262447087281,0.0
ORD10196,2025-12-30,Customer_023,Andhra Pradesh,Furniture,Office Chair,2,7479,0,14958.0,2385.89,UPI,2025,12,December,2025-12,15.95059499933146,0.0
ORD10464,2025-12-31,Customer_181,Tamil Nadu,Electronics,Laptop,1,46932,10,42238.8,5368.63,Net Banking,2025,12,December,2025-12,12.710185895432636,4693.2
ORD10581,2025-12-31,Customer_107,Karnataka,Furniture,Office Chair,5,8735,10,39307.5,3792.55,Cash,2025,12,December,2025-12,9.648413152706228,4367.5
ORD10369,2025-12-31,Customer_021,Andhra Pradesh,Clothing,Shoes,2,3824,0,7648.0,1678.06,Credit Card,2025,12,December,2025-12,21.941161087866107,0.0
ORD10866,2025-12-31,Customer_065,Karnataka,Electronics,Keyboard,5,4070,10,18315.0,2264.28,Debit Card,2025,12,December,2025-12,12.362981162981164,2035.0
ORD10333,2026-01-01,Customer_173,Telangana,Home & Kitchen,Mixer,2,6700,10,12060.0,1591.64,Credit Card,2026,1,January,2026-01,13.197678275290217,1340.0
ORD10055,2026-01-01,Customer_092,Telangana,Clothing,T-Shirt,5,746,10,3357.0,484.87,Cash,2026,1,January,2026-01,14.443550789395292,373.0
ORD10431,2026-01-02,Customer_015,Karnataka,Electronics,Laptop,1,73226,5,69564.7,9563.36,UPI,2026,1,January,2026-01,13.747432246527335,3661.3
ORD10699,2026-01-02,Customer_106,Kerala,Furniture,Sofa,4,34008,0,136032.0,29657.32,Credit Card,2026,1,January,2026-01,21.80172312397083,0.0
ORD10425,2026-01-02,Customer_172,Tamil Nadu,Home & Kitchen,Cookware Set,4,2957,0,11828.0,2865.64,UPI,2026,1,January,2026-01,24.22759553601623,0.0
ORD10370,2026-01-03,Customer_058,Delhi,Clothing,Shoes,1,2630,0,2630.0,228.99,UPI,2026,1,January,2026-01,8.70684410646388,0.0
ORD10905,2026-01-03,Customer_075,Kerala,Clothing,Jacket,4,4149,15,14106.6,2193.73,Debit Card,2026,1,January,2026-01,15.551089560914749,2489.4
ORD10064,2026-01-03,Customer_159,Tamil Nadu,Electronics,Mobile,5,27036,0,135180.0,11716.83,Debit Card,2026,1,January,2026-01,8.667576564580559,0.0
ORD10534,2026-01-03,Customer_031,Tamil Nadu,Electronics,Headphones,5,3454,5,16406.5,1485.56,Cash,2026,1,January,2026-01,9.054703928321093,863.5
ORD10409,2026-01-03,Customer_053,Maharashtra,Home & Kitchen,Air Fryer,5,9906,0,49530.0,9503.69,Net Banking,2026,1,January,2026-01,19.18774480113063,0.0
ORD10439,2026-01-04,Customer_146,Delhi,Clothing,Jacket,3,4109,0,12327.0,2233.52,Credit Card,2026,1,January,2026-01,18.118925934939565,0.0
ORD10741,2026-01-04,Customer_151,Karnataka,Clothing,Backpack,3,2319,10,6261.3,640.04,Cash,2026,1,January,2026-01,10.222158337725391,695.7
ORD10536,2026-01-06,Customer_029,Karnataka,Furniture,Table,2,5946,0,11892.0,2111.51,Debit Card,2026,1,January,2026-01,17.755718129835184,0.0
ORD10853,2026-01-06,Customer_009,Kerala,Electronics,Mobile,3,45398,0,136194.0,33648.87,UPI,2026,1,January,2026-01,24.70657297678312,0.0
ORD10512,2026-01-07,Customer_066,Karnataka,Furniture,Sofa,5,16140,15,68595.0,12153.2,Credit Card,2026,1,January,2026-01,17.717326335738758,12105.0
ORD10963,2026-01-07,Customer_166,Kerala,Furniture,Desk,2,24020,0,48040.0,10863.75,Cash,2026,1,January,2026-01,22.613967527060783,0.0
ORD10786,2026-01-07,Customer_168,Tamil Nadu,Electronics,Mobile,4,49261,5,187191.8,40509.68,UPI,2026,1,January,2026-01,21.640734262932458,9852.2
ORD10556,2026-01-08,Customer_064,Tamil Nadu,Home & Kitchen,Bottle,5,636,20,2544.0,309.84,Debit Card,2026,1,January,2026-01,12.179245283018867,636.0
ORD10537,2026-01-08,Customer_106,Telangana,Home & Kitchen,Air Fryer,2,8810,0,17620.0,3105.05,Cash,2026,1,January,2026-01,17.622304199772987,0.0
ORD10875,2026-01-08,Customer_012,Kerala,Furniture,Office Chair,2,10102,15,17173.4,1533.66,Net Banking,2026,1,January,2026-01,8.930438934631464,3030.6
ORD10749,2026-01-08,Customer_009,Telangana,Electronics,Mobile,4,14257,10,51325.2,9735.73,Cash,2026,1,January,2026-01,18.968713224692742,5702.8
ORD10165,2026-01-08,Customer_190,Telangana,Furniture,Bookshelf,1,10230,0,10230.0,1499.97,Net Banking,2026,1,January,2026-01,14.662463343108504,0.0
ORD10748,2026-01-09,Customer_058,Andhra Pradesh,Clothing,T-Shirt,1,1536,5,1459.2,222.78,Net Banking,2026,1,January,2026-01,15.267269736842104,76.8
ORD10762,2026-01-10,Customer_119,Telangana,Furniture,Bookshelf,3,4772,20,11452.8,2778.1,Cash,2026,1,January,2026-01,24.256950265437276,2863.2
ORD10244,2026-01-10,Customer_009,Karnataka,Electronics,Mobile,4,29569,5,112362.2,23012.42,Debit Card,2026,1,January,2026-01,20.48057086813893,5913.8
ORD10081,2026-01-11,Customer_003,Andhra Pradesh,Clothing,Jacket,4,3041,20,9731.2,1869.52,Net Banking,2026,1,January,2026-01,19.211608023676423,2432.8
ORD10665,2026-01-11,Customer_070,Karnataka,Electronics,Keyboard,5,2389,0,11945.0,1913.36,UPI,2026,1,January,2026-01,16.018082879866054,0.0
ORD10381,2026-01-12,Customer_130,Maharashtra,Home & Kitchen,Air Fryer,5,5889,5,27972.75,5285.85,Cash,2026,1,January,2026-01,18.896425986004235,1472.25
ORD10246,2026-01-13,Customer_052,Telangana,Furniture,Bookshelf,5,7005,5,33273.75,5368.71,Debit Card,2026,1,January,2026-01,16.13497126112927,1751.25
ORD10179,2026-01-13,Customer_135,Kerala,Electronics,Laptop,1,51816,5,49225.2,10836.41,Cash,2026,1,January,2026-01,22.013948140383384,2590.8
ORD10501,2026-01-13,Customer_035,Telangana,Clothing,Jacket,5,2798,0,13990.0,2438.41,Credit Card,2026,1,January,2026-01,17.42966404574696,0.0
ORD10588,2026-01-14,Customer_050,Tamil Nadu,Clothing,Shoes,2,5059,10,9106.2,841.09,UPI,2026,1,January,2026-01,9.236454283894489,1011.8
ORD10145,2026-01-15,Customer_125,Andhra Pradesh,Home & Kitchen,Air Fryer,1,4839,15,4113.15,476.68,UPI,2026,1,January,2026-01,11.589171316387684,725.85
ORD10428,2026-01-15,Customer_178,Delhi,Home & Kitchen,Mixer,5,3899,15,16570.75,3020.97,Net Banking,2026,1,January,2026-01,18.230737896594903,2924.25
ORD10634,2026-01-15,Customer_200,Telangana,Electronics,Headphones,1,8913,0,8913.0,957.68,Net Banking,2026,1,January,2026-01,10.744754852462695,0.0
ORD10256,2026-01-17,Customer_187,Karnataka,Clothing,Shoes,2,3144,15,5344.8,925.64,Cash,2026,1,January,2026-01,17.318515192336477,943.2
ORD10423,2026-01-17,Customer_112,Maharashtra,Furniture,Desk,4,21747,10,78289.2,18780.46,Net Banking,2026,1,January,2026-01,23.988570581893796,8698.8
ORD10520,2026-01-19,Customer_103,Maharashtra,Furniture,Office Chair,4,17021,0,68084.0,6373.89,UPI,2026,1,January,2026-01,9.361803066799835,0.0
ORD10976,2026-01-19,Customer_081,Delhi,Furniture,Bookshelf,1,7444,15,6327.4,911.77,Net Banking,2026,1,January,2026-01,14.409868192306478,1116.6
ORD10184,2026-01-22,Customer_133,Delhi,Clothing,T-Shirt,5,833,0,4165.0,808.49,Credit Card,2026,1,January,2026-01,19.411524609843937,0.0
ORD10823,2026-01-22,Customer_067,Karnataka,Furniture,Bookshelf,4,6709,5,25494.2,5060.45,Net Banking,2026,1,January,2026-01,19.84941673007978,1341.8
ORD10523,2026-01-22,Customer_101,Tamil Nadu,Furniture,Office Chair,5,12684,10,57078.0,6356.09,Net Banking,2026,1,January,2026-01,11.135796629174113,6342.0
ORD10178,2026-01-22,Customer_023,Delhi,Clothing,Jeans,5,3567,0,17835.0,3467.58,Net Banking,2026,1,January,2026-01,19.44255677039529,0.0
ORD10560,2026-01-23,Customer_106,Andhra Pradesh,Furniture,Desk,4,20482,15,69638.8,16805.7,Credit Card,2026,1,January,2026-01,24.1326674210354,12289.2
ORD10996,2026-01-23,Customer_038,Maharashtra,Electronics,Keyboard,1,4474,5,4250.3,594.6,UPI,2026,1,January,2026-01,13.98960073406583,223.7
ORD10885,2026-01-24,Customer_053,Maharashtra,Home & Kitchen,Bottle,4,858,20,2745.6,251.2,Credit Card,2026,1,January,2026-01,9.14918414918415,686.4
ORD10607,2026-01-24,Customer_139,Delhi,Clothing,T-Shirt,1,1202,5,1141.9,247.46,Net Banking,2026,1,January,2026-01,21.670899378229265,60.1
ORD10824,2026-01-24,Customer_190,Kerala,Clothing,Backpack,1,2859,0,2859.0,405.14,Net Banking,2026,1,January,2026-01,14.170689052116122,0.0
ORD10247,2026-01-25,Customer_130,Kerala,Electronics,Keyboard,3,3061,15,7805.55,1856.99,Credit Card,2026,1,January,2026-01,23.790636149918967,1377.45
ORD10999,2026-01-26,Customer_105,Andhra Pradesh,Home & Kitchen,Cookware Set,3,5869,10,15846.3,2324.29,UPI,2026,1,January,2026-01,14.667714229820211,1760.7
ORD10483,2026-01-27,Customer_084,Kerala,Electronics,Keyboard,3,938,10,2532.6,553.24,UPI,2026,1,January,2026-01,21.844744531311697,281.4
ORD10214,2026-01-27,Customer_166,Andhra Pradesh,Clothing,Jacket,2,2776,0,5552.0,721.71,Debit Card,2026,1,January,2026-01,12.999099423631124,0.0
ORD10602,2026-01-28,Customer_183,Tamil Nadu,Home & Kitchen,Dinner Set,2,1200,5,2280.0,311.93,UPI,2026,1,January,2026-01,13.681140350877193,120.0
ORD10863,2026-01-29,Customer_115,Karnataka,Furniture,Table,3,13744,20,32985.6,6276.73,Credit Card,2026,1,January,2026-01,19.028697370974,8246.4
ORD10931,2026-01-29,Customer_114,Karnataka,Clothing,T-Shirt,1,1662,5,1578.9,208.93,UPI,2026,1,January,2026-01,13.2326303122427,83.1
ORD10477,2026-01-29,Customer_017,Maharashtra,Electronics,Laptop,2,49857,5,94728.3,15328.67,Credit Card,2026,1,January,2026-01,16.181721829696087,4985.7
ORD10734,2026-01-30,Customer_148,Maharashtra,Home & Kitchen,Bottle,4,1109,5,4214.2,1006.66,UPI,2026,1,January,2026-01,23.887333301694273,221.8
ORD10733,2026-01-31,Customer_111,Karnataka,Electronics,Laptop,3,50842,5,144899.7,27495.07,Cash,2026,1,January,2026-01,18.975242874898978,7626.3
ORD10387,2026-01-31,Customer_067,Telangana,Clothing,T-Shirt,4,1346,0,5384.0,1264.85,UPI,2026,1,January,2026-01,23.492756315007426,0.0
ORD10705,2026-01-31,Customer_005,Andhra Pradesh,Electronics,Keyboard,5,2988,0,14940.0,1246.35,Debit Card,2026,1,January,2026-01,8.342369477911646,0.0
ORD10328,2026-02-01,Customer_123,Maharashtra,Clothing,Jeans,3,3288,0,9864.0,2254.07,Debit Card,2026,2,February,2026-02,22.851480129764802,0.0
ORD10203,2026-02-01,Customer_039,Telangana,Clothing,Jeans,1,2548,0,2548.0,291.13,Debit Card,2026,2,February,2026-02,11.425824175824175,0.0
ORD10930,2026-02-01,Customer_093,Andhra Pradesh,Electronics,Monitor,5,14451,15,61416.75,4919.58,Net Banking,2026,2,February,2026-02,8.010160094762423,10838.25
ORD10608,2026-02-02,Customer_191,Delhi,Home & Kitchen,Dinner Set,5,4175,20,16700.0,3795.78,Credit Card,2026,2,February,2026-02,22.729221556886227,4175.0
ORD10134,2026-02-02,Customer_146,Tamil Nadu,Electronics,Headphones,1,8374,5,7955.3,1762.11,Cash,2026,2,February,2026-02,22.15013890110995,418.7
ORD10382,2026-02-03,Customer_121,Telangana,Furniture,Office Chair,1,6823,0,6823.0,1086.57,UPI,2026,2,February,2026-02,15.925106258244174,0.0
ORD10598,2026-02-06,Customer_136,Delhi,Clothing,Jeans,4,2967,20,9494.4,1420.78,Debit Card,2026,2,February,2026-02,14.964400067408157,2373.6
ORD10458,2026-02-06,Customer_186,Maharashtra,Home & Kitchen,Air Fryer,2,5936,0,11872.0,2621.75,Cash,2026,2,February,2026-02,22.08347371967655,0.0
ORD10281,2026-02-06,Customer_037,Andhra Pradesh,Home & Kitchen,Bottle,3,1364,0,4092.0,985.38,Debit Card,2026,2,February,2026-02,24.080645161290324,0.0
ORD10455,2026-02-07,Customer_145,Telangana,Electronics,Keyboard,1,4972,20,3977.6,953.54,UPI,2026,2,February,2026-02,23.972747385358005,994.4
ORD10080,2026-02-08,Customer_062,Tamil Nadu,Home & Kitchen,Air Fryer,2,7831,15,13312.7,2430.9,Cash,2026,2,February,2026-02,18.260007361391754,2349.3
ORD10621,2026-02-08,Customer_171,Tamil Nadu,Home & Kitchen,Air Fryer,2,8044,10,14479.2,1549.06,UPI,2026,2,February,2026-02,10.698519255207469,1608.8
ORD10902,2026-02-08,Customer_080,Delhi,Home & Kitchen,Mixer,5,6145,5,29188.75,4279.3,Debit Card,2026,2,February,2026-02,14.660785405335961,1536.25
ORD10188,2026-02-09,Customer_177,Tamil Nadu,Clothing,Shoes,4,1567,0,6268.0,667.88,UPI,2026,2,February,2026-02,10.655392469687301,0.0
ORD10482,2026-02-09,Customer_034,Kerala,Furniture,Sofa,5,23491,0,117455.0,11116.23,Cash,2026,2,February,2026-02,9.464245881401387,0.0
ORD10868,2026-02-11,Customer_057,Tamil Nadu,Furniture,Desk,5,17704,20,70816.0,11839.64,Debit Card,2026,2,February,2026-02,16.718877089923183,17704.0
ORD10105,2026-02-12,Customer_044,Delhi,Furniture,Sofa,1,37433,10,33689.7,7477.13,UPI,2026,2,February,2026-02,22.19411274068929,3743.3
ORD10613,2026-02-13,Customer_078,Maharashtra,Home & Kitchen,Air Fryer,2,11551,10,20791.8,3602.39,UPI,2026,2,February,2026-02,17.326013139795496,2310.2
ORD10356,2026-02-13,Customer_165,Delhi,Clothing,Jeans,2,1467,0,2934.0,297.34,UPI,2026,2,February,2026-02,10.134287661895023,0.0
ORD10307,2026-02-14,Customer_031,Maharashtra,Home & Kitchen,Cookware Set,2,5241,5,9957.9,1400.29,Debit Card,2026,2,February,2026-02,14.06210144709226,524.1
ORD10239,2026-02-14,Customer_178,Tamil Nadu,Clothing,T-Shirt,3,575,10,1552.5,140.02,Debit Card,2026,2,February,2026-02,9.019001610305958,172.5
ORD10791,2026-02-15,Customer_093,Maharashtra,Furniture,Bookshelf,5,5158,0,25790.0,4966.98,Debit Card,2026,2,February,2026-02,19.25932531989143,0.0
ORD10802,2026-02-16,Customer_155,Kerala,Furniture,Table,5,14469,5,68727.75,15698.61,Net Banking,2026,2,February,2026-02,22.841734233988458,3617.25
ORD10871,2026-02-16,Customer_010,Kerala,Electronics,Laptop,5,77082,0,385410.0,96073.02,Cash,2026,2,February,2026-02,24.927485015957036,0.0
ORD10614,2026-02-16,Customer_184,Delhi,Furniture,Desk,5,14605,0,73025.0,10841.71,Net Banking,2026,2,February,2026-02,14.84657309140705,0.0
ORD10005,2026-02-17,Customer_106,Telangana,Clothing,Shoes,1,5902,0,5902.0,588.91,Credit Card,2026,2,February,2026-02,9.978143002372077,0.0
ORD10308,2026-02-18,Customer_115,Telangana,Furniture,Table,1,7052,5,6699.4,825.78,Cash,2026,2,February,2026-02,12.326178463743021,352.6
ORD10456,2026-02-18,Customer_023,Delhi,Clothing,T-Shirt,2,558,5,1060.2,220.92,Debit Card,2026,2,February,2026-02,20.837577815506506,55.8
ORD10445,2026-02-19,Customer_055,Tamil Nadu,Home & Kitchen,Air Fryer,5,6169,15,26218.25,2450.82,Debit Card,2026,2,February,2026-02,9.347763485358481,4626.75
ORD10815,2026-02-19,Customer_120,Telangana,Home & Kitchen,Mixer,3,5292,5,15082.2,2756.02,Debit Card,2026,2,February,2026-02,18.27332882470727,793.8
ORD10656,2026-02-20,Customer_151,Tamil Nadu,Electronics,Headphones,3,8480,20,20352.0,2625.23,Net Banking,2026,2,February,2026-02,12.899125393081762,5088.0
ORD10729,2026-02-20,Customer_156,Telangana,Electronics,Keyboard,5,2429,5,11537.75,1536.16,UPI,2026,2,February,2026-02,13.314207709475417,607.25
ORD10337,2026-02-20,Customer_168,Tamil Nadu,Electronics,Keyboard,1,2796,0,2796.0,373.52,Credit Card,2026,2,February,2026-02,13.359084406294706,0.0
ORD10652,2026-02-22,Customer_012,Karnataka,Home & Kitchen,Mixer,4,2936,0,11744.0,1461.27,Net Banking,2026,2,February,2026-02,12.442694141689373,0.0
ORD10579,2026-02-23,Customer_029,Andhra Pradesh,Furniture,Bookshelf,5,4227,10,19021.5,2793.02,Credit Card,2026,2,February,2026-02,14.68348973529953,2113.5
ORD10437,2026-02-24,Customer_024,Kerala,Home & Kitchen,Dinner Set,5,4634,15,19694.5,1771.64,Debit Card,2026,2,February,2026-02,8.995607910838052,3475.5
ORD10690,2026-02-24,Customer_139,Tamil Nadu,Furniture,Table,4,10352,0,41408.0,6314.93,Cash,2026,2,February,2026-02,15.250507148377126,0.0
ORD10391,2026-02-24,Customer_013,Delhi,Clothing,T-Shirt,4,859,20,2748.8,578.1,UPI,2026,2,February,2026-02,21.030995343422585,687.2
ORD10461,2026-02-24,Customer_020,Tamil Nadu,Furniture,Bookshelf,2,6236,0,12472.0,2333.71,Debit Card,2026,2,February,2026-02,18.711593970493904,0.0
ORD10835,2026-02-25,Customer_049,Karnataka,Electronics,Laptop,5,68303,0,341515.0,41765.44,Credit Card,2026,2,February,2026-02,12.229459906592684,0.0
ORD10343,2026-02-25,Customer_069,Kerala,Clothing,Backpack,5,2363,10,10633.5,2117.17,Debit Card,2026,2,February,2026-02,19.91037758028871,1181.5
ORD10191,2026-02-26,Customer_022,Delhi,Clothing,T-Shirt,1,1650,20,1320.0,283.73,Credit Card,2026,2,February,2026-02,21.49469696969697,330.0
ORD10373,2026-02-26,Customer_173,Maharashtra,Furniture,Desk,1,8658,10,7792.2,957.61,Net Banking,2026,2,February,2026-02,12.289340622673956,865.8
ORD10240,2026-02-26,Customer_089,Delhi,Home & Kitchen,Bottle,1,878,5,834.1,85.3,Cash,2026,2,February,2026-02,10.226591535787074,43.9
ORD10554,2026-02-27,Customer_026,Andhra Pradesh,Home & Kitchen,Air Fryer,4,4115,0,16460.0,1661.77,Debit Card,2026,2,February,2026-02,10.095808019441069,0.0
ORD10558,2026-02-28,Customer_148,Maharashtra,Furniture,Office Chair,4,8935,10,32166.0,7984.11,UPI,2026,2,February,2026-02,24.821581794441336,3574.0
ORD10054,2026-02-28,Customer_097,Kerala,Home & Kitchen,Mixer,3,4029,0,12087.0,1853.19,Debit Card,2026,2,February,2026-02,15.332092330603128,0.0
ORD10399,2026-03-01,Customer_076,Tamil Nadu,Home & Kitchen,Mixer,1,7274,0,7274.0,1737.79,Debit Card,2026,3,March,2026-03,23.89043167445697,0.0
ORD10869,2026-03-01,Customer_046,Delhi,Clothing,Shoes,4,1525,0,6100.0,820.73,UPI,2026,3,March,2026-03,13.454590163934427,0.0
ORD10771,2026-03-02,Customer_028,Tamil Nadu,Electronics,Laptop,2,78002,15,132603.4,30344.04,Cash,2026,3,March,2026-03,22.88330465131362,23400.6
ORD10524,2026-03-02,Customer_198,Tamil Nadu,Clothing,T-Shirt,4,1476,0,5904.0,675.36,Debit Card,2026,3,March,2026-03,11.439024390243903,0.0
ORD10892,2026-03-02,Customer_030,Kerala,Clothing,Jacket,2,4095,10,7371.0,1059.36,Credit Card,2026,3,March,2026-03,14.371998371998371,819.0
ORD10048,2026-03-03,Customer_020,Karnataka,Clothing,Backpack,1,1952,0,1952.0,398.9,Debit Card,2026,3,March,2026-03,20.43545081967213,0.0
ORD10467,2026-03-04,Customer_077,Andhra Pradesh,Home & Kitchen,Dinner Set,3,4925,0,14775.0,3380.12,Debit Card,2026,3,March,2026-03,22.877292724196277,0.0
ORD10595,2026-03-04,Customer_156,Tamil Nadu,Home & Kitchen,Air Fryer,4,5572,5,21173.6,4683.72,Cash,2026,3,March,2026-03,22.12056523217592,1114.4
ORD10559,2026-03-05,Customer_182,Maharashtra,Home & Kitchen,Dinner Set,5,1839,15,7815.75,1534.49,Cash,2026,3,March,2026-03,19.63330454530915,1379.25
ORD10052,2026-03-05,Customer_196,Maharashtra,Furniture,Office Chair,2,5923,5,11253.7,1933.95,Cash,2026,3,March,2026-03,17.18501470627438,592.3
ORD10401,2026-03-05,Customer_005,Tamil Nadu,Home & Kitchen,Bottle,5,739,5,3510.25,352.7,Debit Card,2026,3,March,2026-03,10.04771739904565,184.75
ORD10872,2026-03-08,Customer_113,Telangana,Home & Kitchen,Bottle,2,566,5,1075.4,165.61,Cash,2026,3,March,2026-03,15.399851218151387,56.6
ORD10093,2026-03-09,Customer_041,Karnataka,Furniture,Sofa,3,26439,0,79317.0,11983.58,UPI,2026,3,March,2026-03,15.108463507192656,0.0
ORD10584,2026-03-09,Customer_130,Kerala,Furniture,Desk,2,18306,5,34781.4,6788.73,Debit Card,2026,3,March,2026-03,19.518277010126102,1830.6
ORD10076,2026-03-09,Customer_030,Delhi,Furniture,Office Chair,5,15013,15,63805.25,13600.77,Cash,2026,3,March,2026-03,21.31606725151927,11259.75
ORD10417,2026-03-09,Customer_116,Kerala,Electronics,Keyboard,4,1729,0,6916.0,1008.61,Debit Card,2026,3,March,2026-03,14.583718912666283,0.0
ORD10971,2026-03-10,Customer_126,Maharashtra,Home & Kitchen,Dinner Set,4,3503,15,11910.2,2612.34,Credit Card,2026,3,March,2026-03,21.9336367147487,2101.8
ORD10402,2026-03-10,Customer_022,Delhi,Home & Kitchen,Mixer,1,5480,15,4658.0,835.52,Net Banking,2026,3,March,2026-03,17.937312151137828,822.0
ORD10280,2026-03-11,Customer_130,Telangana,Furniture,Office Chair,3,5182,10,13991.4,2735.85,Net Banking,2026,3,March,2026-03,19.553797332647196,1554.6
ORD10531,2026-03-12,Customer_199,Andhra Pradesh,Electronics,Mobile,4,24869,0,99476.0,22148.82,UPI,2026,3,March,2026-03,22.26549117375045,0.0
ORD10130,2026-03-12,Customer_194,Karnataka,Home & Kitchen,Dinner Set,5,3019,15,12830.75,1843.81,Credit Card,2026,3,March,2026-03,14.370243360676499,2264.25
ORD10286,2026-03-12,Customer_150,Tamil Nadu,Clothing,Shoes,4,6502,20,20806.4,4005.48,UPI,2026,3,March,2026-03,19.251191940941247,5201.6
ORD10231,2026-03-14,Customer_099,Tamil Nadu,Furniture,Bookshelf,4,6740,0,26960.0,3421.41,UPI,2026,3,March,2026-03,12.690689910979227,0.0
ORD10842,2026-03-14,Customer_040,Kerala,Home & Kitchen,Bottle,3,494,0,1482.0,255.68,Credit Card,2026,3,March,2026-03,17.252361673414303,0.0
ORD10958,2026-03-15,Customer_089,Kerala,Electronics,Laptop,2,67357,0,134714.0,29584.88,Credit Card,2026,3,March,2026-03,21.961251243374853,0.0
ORD10701,2026-03-15,Customer_053,Tamil Nadu,Furniture,Sofa,1,20793,5,19753.35,3760.93,Credit Card,2026,3,March,2026-03,19.03945406728479,1039.65
ORD10731,2026-03-17,Customer_067,Karnataka,Clothing,Backpack,3,1332,5,3796.2,439.02,Net Banking,2026,3,March,2026-03,11.564722617354196,199.8
ORD10218,2026-03-17,Customer_169,Delhi,Electronics,Headphones,1,8468,10,7621.2,1731.12,Credit Card,2026,3,March,2026-03,22.71453314438671,846.8
ORD10033,2026-03-18,Customer_082,Telangana,Home & Kitchen,Dinner Set,1,4591,0,4591.0,547.87,Net Banking,2026,3,March,2026-03,11.933565671966893,0.0
ORD10113,2026-03-18,Customer_198,Maharashtra,Home & Kitchen,Air Fryer,2,6501,15,11051.7,958.14,Net Banking,2026,3,March,2026-03,8.669616439099865,1950.3
ORD10704,2026-03-18,Customer_100,Karnataka,Home & Kitchen,Mixer,4,3318,15,11281.2,2691.33,Net Banking,2026,3,March,2026-03,23.85677055632379,1990.8
ORD10789,2026-03-18,Customer_111,Kerala,Home & Kitchen,Dinner Set,3,4992,5,14227.2,3441.64,UPI,2026,3,March,2026-03,24.190564552406656,748.8
ORD10173,2026-03-19,Customer_169,Andhra Pradesh,Clothing,Jacket,3,4523,10,12212.1,1454.45,Net Banking,2026,3,March,2026-03,11.909909024655875,1356.9
ORD10258,2026-03-19,Customer_176,Maharashtra,Furniture,Table,3,12333,0,36999.0,4821.28,Net Banking,2026,3,March,2026-03,13.03083867131544,0.0
ORD10480,2026-03-20,Customer_120,Tamil Nadu,Home & Kitchen,Air Fryer,2,9099,15,15468.3,1295.49,Credit Card,2026,3,March,2026-03,8.375128488586334,2729.7
ORD10041,2026-03-20,Customer_062,Telangana,Clothing,T-Shirt,5,865,5,4108.75,772.53,Net Banking,2026,3,March,2026-03,18.802068755704287,216.25
ORD10703,2026-03-20,Customer_132,Tamil Nadu,Electronics,Mobile,4,17571,5,66769.8,14407.02,Credit Card,2026,3,March,2026-03,21.57715014871993,3514.2
ORD10493,2026-03-21,Customer_127,Andhra Pradesh,Electronics,Keyboard,3,3970,10,10719.0,1251.73,Net Banking,2026,3,March,2026-03,11.677675156264577,1191.0
ORD10245,2026-03-22,Customer_079,Karnataka,Clothing,Backpack,2,3194,20,5110.4,705.36,Credit Card,2026,3,March,2026-03,13.802442078897933,1277.6
ORD10499,2026-03-22,Customer_168,Karnataka,Electronics,Headphones,2,7905,10,14229.0,1992.45,Cash,2026,3,March,2026-03,14.002740881298756,1581.0
ORD10413,2026-03-22,Customer_161,Delhi,Furniture,Sofa,5,26738,15,113636.5,16831.81,Cash,2026,3,March,2026-03,14.81197502562997,20053.5
ORD10217,2026-03-23,Customer_155,Tamil Nadu,Home & Kitchen,Air Fryer,2,6527,10,11748.6,1445.25,Net Banking,2026,3,March,2026-03,12.30146570655227,1305.4
ORD10728,2026-03-23,Customer_007,Delhi,Clothing,Jacket,5,5323,15,22622.75,4732.7,Credit Card,2026,3,March,2026-03,20.920091500812234,3992.25
ORD10800,2026-03-23,Customer_104,Maharashtra,Clothing,Backpack,1,2201,5,2090.95,408.18,UPI,2026,3,March,2026-03,19.521270236017124,110.05
ORD10043,2026-03-23,Customer_064,Kerala,Furniture,Table,4,9906,15,33680.4,5003.08,UPI,2026,3,March,2026-03,14.8545741737034,5943.6
ORD10854,2026-03-24,Customer_033,Andhra Pradesh,Clothing,Shoes,1,5216,10,4694.4,575.04,Credit Card,2026,3,March,2026-03,12.249488752556237,521.6
ORD10916,2026-03-25,Customer_062,Telangana,Furniture,Table,3,10474,5,29850.9,6217.25,UPI,2026,3,March,2026-03,20.827680237446778,1571.1
ORD10635,2026-03-26,Customer_009,Andhra Pradesh,Furniture,Office Chair,1,12547,5,11919.65,1909.48,UPI,2026,3,March,2026-03,16.01959789087767,627.35
ORD10097,2026-03-26,Customer_047,Andhra Pradesh,Furniture,Table,4,10763,10,38746.8,5689.1,Debit Card,2026,3,March,2026-03,14.682760898964558,4305.2
ORD10434,2026-03-28,Customer_069,Karnataka,Home & Kitchen,Dinner Set,4,4501,5,17103.8,1841.26,UPI,2026,3,March,2026-03,10.765210070276781,900.2
ORD10476,2026-03-29,Customer_182,Karnataka,Home & Kitchen,Air Fryer,4,11730,10,42228.0,8204.17,Debit Card,2026,3,March,2026-03,19.42827034195321,4692.0
ORD10773,2026-03-29,Customer_161,Kerala,Electronics,Headphones,1,8480,0,8480.0,1916.3,Debit Card,2026,3,March,2026-03,22.597877358490564,0.0
ORD10272,2026-03-31,Customer_129,Tamil Nadu,Home & Kitchen,Cookware Set,5,3929,0,19645.0,2050.11,Debit Card,2026,3,March,2026-03,10.435785187070502,0.0
ORD10947,2026-03-31,Customer_077,Tamil Nadu,Electronics,Keyboard,1,1319,10,1187.1,155.04,Credit Card,2026,3,March,2026-03,13.060399292393226,131.9
ORD10848,2026-04-01,Customer_161,Kerala,Furniture,Table,5,9243,0,46215.0,7159.31,Net Banking,2026,4,April,2026-04,15.491312344476901,0.0
ORD10138,2026-04-02,Customer_180,Karnataka,Electronics,Laptop,1,67746,5,64358.7,14090.82,Net Banking,2026,4,April,2026-04,21.89419612266873,3387.3
ORD10919,2026-04-03,Customer_077,Karnataka,Home & Kitchen,Bottle,2,1162,0,2324.0,577.89,Cash,2026,4,April,2026-04,24.86617900172117,0.0
ORD10330,2026-04-04,Customer_044,Delhi,Home & Kitchen,Dinner Set,5,2793,10,12568.5,2250.53,UPI,2026,4,April,2026-04,17.90611449258066,1396.5
ORD10132,2026-04-04,Customer_103,Kerala,Electronics,Keyboard,3,1192,10,3218.4,285.14,Cash,2026,4,April,2026-04,8.859681829480486,357.6
ORD10228,2026-04-05,Customer_026,Karnataka,Furniture,Desk,4,20567,5,78154.6,15320.69,Cash,2026,4,April,2026-04,19.60305599414494,4113.4
ORD10686,2026-04-06,Customer_124,Delhi,Furniture,Desk,3,24193,0,72579.0,8852.15,Net Banking,2026,4,April,2026-04,12.19657201118781,0.0
ORD10432,2026-04-06,Customer_036,Telangana,Furniture,Sofa,4,19652,0,78608.0,7983.44,Cash,2026,4,April,2026-04,10.156014654996946,0.0
ORD10350,2026-04-06,Customer_194,Telangana,Clothing,Jeans,1,3135,20,2508.0,211.59,Credit Card,2026,4,April,2026-04,8.436602870813397,627.0
ORD10624,2026-04-08,Customer_086,Maharashtra,Furniture,Bookshelf,1,8409,0,8409.0,1969.36,Debit Card,2026,4,April,2026-04,23.41966940183137,0.0
ORD10636,2026-04-08,Customer_121,Delhi,Furniture,Table,4,11823,0,47292.0,8233.07,UPI,2026,4,April,2026-04,17.40901209506893,0.0
ORD10972,2026-04-09,Customer_136,Tamil Nadu,Clothing,T-Shirt,3,1443,15,3679.65,849.97,Debit Card,2026,4,April,2026-04,23.099207805090156,649.35
ORD10111,2026-04-09,Customer_030,Kerala,Home & Kitchen,Air Fryer,1,5070,15,4309.5,652.19,Credit Card,2026,4,April,2026-04,15.133774219747071,760.5
ORD10435,2026-04-09,Customer_169,Telangana,Home & Kitchen,Mixer,4,6958,0,27832.0,5701.17,Cash,2026,4,April,2026-04,20.48422678930727,0.0
ORD10761,2026-04-09,Customer_039,Telangana,Home & Kitchen,Cookware Set,3,2696,0,8088.0,898.4,Cash,2026,4,April,2026-04,11.107814045499504,0.0
ORD10732,2026-04-09,Customer_108,Kerala,Electronics,Mobile,2,28211,10,50779.8,12492.61,UPI,2026,4,April,2026-04,24.601534468430362,5642.2
ORD10970,2026-04-11,Customer_086,Kerala,Clothing,Jacket,4,5438,5,20664.4,4847.13,Net Banking,2026,4,April,2026-04,23.45642747914287,1087.6
ORD10555,2026-04-11,Customer_137,Andhra Pradesh,Electronics,Mobile,1,20016,0,20016.0,3365.8,Cash,2026,4,April,2026-04,16.815547561950442,0.0
ORD10462,2026-04-13,Customer_158,Maharashtra,Electronics,Mobile,3,27848,5,79366.8,17529.82,Debit Card,2026,4,April,2026-04,22.087094351794452,4177.2
ORD10612,2026-04-13,Customer_167,Tamil Nadu,Furniture,Bookshelf,5,8037,10,36166.5,5449.9,Debit Card,2026,4,April,2026-04,15.068917368282802,4018.5
ORD10443,2026-04-14,Customer_197,Andhra Pradesh,Electronics,Headphones,1,5009,0,5009.0,1084.51,Cash,2026,4,April,2026-04,21.65122778997804,0.0
ORD10223,2026-04-14,Customer_157,Kerala,Furniture,Bookshelf,1,9317,10,8385.3,1878.06,Net Banking,2026,4,April,2026-04,22.397051983828845,931.7
ORD10774,2026-04-16,Customer_138,Delhi,Home & Kitchen,Cookware Set,1,3596,10,3236.4,730.55,Net Banking,2026,4,April,2026-04,22.572920528982817,359.6
ORD10421,2026-04-17,Customer_089,Telangana,Furniture,Table,2,15467,5,29387.3,2657.96,UPI,2026,4,April,2026-04,9.044587287705914,1546.7
ORD10192,2026-04-17,Customer_013,Telangana,Clothing,Backpack,5,2078,0,10390.0,1995.94,Credit Card,2026,4,April,2026-04,19.210202117420597,0.0
ORD10684,2026-04-18,Customer_107,Telangana,Home & Kitchen,Cookware Set,4,2764,0,11056.0,1389.69,UPI,2026,4,April,2026-04,12.56955499276411,0.0
ORD10697,2026-04-19,Customer_024,Kerala,Clothing,Backpack,1,1467,0,1467.0,188.01,Cash,2026,4,April,2026-04,12.815950920245397,0.0
ORD10429,2026-04-19,Customer_077,Delhi,Electronics,Keyboard,1,4215,15,3582.75,640.94,Credit Card,2026,4,April,2026-04,17.88960993650129,632.25
ORD10271,2026-04-22,Customer_197,Andhra Pradesh,Furniture,Sofa,4,27605,0,110420.0,16465.87,Debit Card,2026,4,April,2026-04,14.912035863068285,0.0
ORD10227,2026-04-22,Customer_006,Telangana,Electronics,Laptop,3,61789,0,185367.0,33836.06,Credit Card,2026,4,April,2026-04,18.25355106356579,0.0
ORD10234,2026-04-23,Customer_051,Telangana,Home & Kitchen,Dinner Set,2,2846,10,5122.8,1012.78,Debit Card,2026,4,April,2026-04,19.77004763020223,569.2
ORD10750,2026-04-23,Customer_048,Karnataka,Furniture,Bookshelf,5,11588,0,57940.0,11975.42,Credit Card,2026,4,April,2026-04,20.668657231618916,0.0
ORD10436,2026-04-23,Customer_074,Karnataka,Home & Kitchen,Mixer,3,3757,15,9580.35,1106.54,Net Banking,2026,4,April,2026-04,11.550099944156528,1690.65
ORD10909,2026-04-23,Customer_192,Telangana,Clothing,Jacket,1,2916,0,2916.0,662.59,Debit Card,2026,4,April,2026-04,22.722565157750342,0.0
ORD10492,2026-04-24,Customer_189,Telangana,Electronics,Monitor,2,22283,5,42337.7,6145.17,UPI,2026,4,April,2026-04,14.514652425615942,2228.3
ORD10983,2026-04-24,Customer_106,Maharashtra,Home & Kitchen,Bottle,4,966,0,3864.0,639.76,Cash,2026,4,April,2026-04,16.556935817805382,0.0
ORD10682,2026-04-24,Customer_076,Delhi,Electronics,Mobile,2,49713,20,79540.8,14099.47,Credit Card,2026,4,April,2026-04,17.726085229215695,19885.2
ORD10751,2026-04-24,Customer_115,Maharashtra,Home & Kitchen,Dinner Set,3,2123,5,6050.55,722.91,Debit Card,2026,4,April,2026-04,11.947839452611746,318.45
ORD10596,2026-04-24,Customer_194,Telangana,Home & Kitchen,Dinner Set,3,3048,0,9144.0,1080.75,UPI,2026,4,April,2026-04,11.819225721784775,0.0
ORD10643,2026-04-24,Customer_097,Maharashtra,Home & Kitchen,Mixer,5,3738,5,17755.5,3122.51,Debit Card,2026,4,April,2026-04,17.58615640224156,934.5
ORD10095,2026-04-25,Customer_064,Telangana,Furniture,Bookshelf,4,9416,10,33897.6,7886.41,UPI,2026,4,April,2026-04,23.265393420183138,3766.4
ORD10168,2026-04-25,Customer_178,Tamil Nadu,Clothing,Jacket,4,3331,10,11991.6,2267.08,Debit Card,2026,4,April,2026-04,18.905567230394606,1332.4
ORD10367,2026-04-27,Customer_103,Tamil Nadu,Furniture,Sofa,4,22461,10,80859.6,9681.8,Credit Card,2026,4,April,2026-04,11.973593735314049,8984.4
ORD10933,2026-04-27,Customer_188,Andhra Pradesh,Electronics,Keyboard,3,1669,15,4255.95,509.46,Net Banking,2026,4,April,2026-04,11.970535368131674,751.05
ORD10677,2026-04-28,Customer_047,Telangana,Home & Kitchen,Mixer,1,3535,0,3535.0,641.53,Credit Card,2026,4,April,2026-04,18.147949080622347,0.0
ORD10929,2026-04-28,Customer_159,Andhra Pradesh,Furniture,Table,2,11160,20,17856.0,3940.44,Cash,2026,4,April,2026-04,22.06787634408602,4464.0
ORD10497,2026-04-29,Customer_016,Karnataka,Clothing,Jeans,2,2984,0,5968.0,1315.81,Credit Card,2026,4,April,2026-04,22.047754691689008,0.0
ORD10922,2026-04-29,Customer_036,Andhra Pradesh,Clothing,Backpack,1,3119,0,3119.0,624.06,UPI,2026,4,April,2026-04,20.00833600512985,0.0
ORD10317,2026-04-30,Customer_067,Andhra Pradesh,Clothing,Shoes,1,4186,5,3976.7,575.02,Credit Card,2026,4,April,2026-04,14.45972791510549,209.3
ORD10850,2026-05-01,Customer_110,Kerala,Furniture,Office Chair,2,13707,20,21931.2,3639.23,Credit Card,2026,5,May,2026-05,16.593848033851316,5482.8
ORD10674,2026-05-01,Customer_102,Andhra Pradesh,Furniture,Office Chair,1,11846,0,11846.0,2682.92,UPI,2026,5,May,2026-05,22.64832010805335,0.0
ORD10805,2026-05-01,Customer_040,Karnataka,Furniture,Desk,2,17023,5,32343.7,6532.43,Credit Card,2026,5,May,2026-05,20.196916246440573,1702.3
ORD10648,2026-05-01,Customer_006,Andhra Pradesh,Electronics,Mobile,3,40454,10,109225.8,22386.3,UPI,2026,5,May,2026-05,20.49543239784007,12136.2
ORD10513,2026-05-01,Customer_137,Tamil Nadu,Clothing,Jacket,2,2066,10,3718.8,414.36,Net Banking,2026,5,May,2026-05,11.142303969022265,413.2
ORD10349,2026-05-02,Customer_091,Kerala,Home & Kitchen,Bottle,2,686,5,1303.4,145.63,Cash,2026,5,May,2026-05,11.173085775663647,68.6
ORD10116,2026-05-02,Customer_067,Telangana,Home & Kitchen,Air Fryer,5,10144,0,50720.0,4304.65,Credit Card,2026,5,May,2026-05,8.487085962145109,0.0
ORD10915,2026-05-07,Customer_106,Telangana,Home & Kitchen,Dinner Set,2,4823,10,8681.4,2151.01,Cash,2026,5,May,2026-05,24.7772248715645,964.6
ORD10809,2026-05-07,Customer_126,Delhi,Furniture,Desk,2,17867,0,35734.0,3880.98,Net Banking,2026,5,May,2026-05,10.860748866625624,0.0
ORD10768,2026-05-08,Customer_191,Karnataka,Home & Kitchen,Dinner Set,4,1539,5,5848.2,714.95,Net Banking,2026,5,May,2026-05,12.225129099552,307.8
ORD10708,2026-05-08,Customer_030,Karnataka,Home & Kitchen,Mixer,1,2697,0,2697.0,425.99,Credit Card,2026,5,May,2026-05,15.794957360029663,0.0
ORD10030,2026-05-09,Customer_079,Tamil Nadu,Home & Kitchen,Air Fryer,4,6267,5,23814.6,2586.14,Debit Card,2026,5,May,2026-05,10.859472760407481,1253.4
ORD10603,2026-05-09,Customer_050,Karnataka,Home & Kitchen,Mixer,4,5698,0,22792.0,4655.22,Cash,2026,5,May,2026-05,20.424798174798177,0.0
ORD10990,2026-05-10,Customer_016,Telangana,Home & Kitchen,Mixer,2,4951,20,7921.6,1141.91,UPI,2026,5,May,2026-05,14.415143405372651,1980.4
ORD10911,2026-05-10,Customer_140,Kerala,Clothing,Jacket,4,5106,0,20424.0,4335.36,Cash,2026,5,May,2026-05,21.226792009400704,0.0
ORD10822,2026-05-10,Customer_025,Maharashtra,Home & Kitchen,Dinner Set,5,3803,0,19015.0,3690.28,UPI,2026,5,May,2026-05,19.407204838285566,0.0
ORD10070,2026-05-11,Customer_067,Karnataka,Furniture,Sofa,2,41475,10,74655.0,15216.41,UPI,2026,5,May,2026-05,20.382305270912866,8295.0
ORD10345,2026-05-11,Customer_085,Tamil Nadu,Clothing,Jacket,2,4955,15,8423.5,1923.81,Debit Card,2026,5,May,2026-05,22.83860628004986,1486.5
ORD10538,2026-05-12,Customer_017,Karnataka,Clothing,Jeans,1,1903,0,1903.0,436.29,Debit Card,2026,5,May,2026-05,22.92643194955334,0.0
ORD10647,2026-05-13,Customer_095,Karnataka,Electronics,Laptop,5,68782,15,292323.5,62955.2,Credit Card,2026,5,May,2026-05,21.536140611343253,51586.5
ORD10949,2026-05-13,Customer_109,Maharashtra,Furniture,Sofa,5,33793,10,152068.5,20448.38,Net Banking,2026,5,May,2026-05,13.446821662605998,16896.5
ORD10860,2026-05-13,Customer_197,Tamil Nadu,Clothing,Jeans,5,3787,10,17041.5,3637.69,UPI,2026,5,May,2026-05,21.34606695420004,1893.5
ORD10032,2026-05-13,Customer_004,Karnataka,Electronics,Laptop,5,68551,5,325617.25,56884.32,UPI,2026,5,May,2026-05,17.469688721958065,17137.75
ORD10819,2026-05-17,Customer_181,Andhra Pradesh,Home & Kitchen,Air Fryer,5,4032,5,19152.0,3841.82,UPI,2026,5,May,2026-05,20.059628237259815,1008.0
ORD10864,2026-05-17,Customer_121,Karnataka,Furniture,Table,2,9690,0,19380.0,2930.74,Net Banking,2026,5,May,2026-05,15.12249742002064,0.0
ORD10645,2026-05-18,Customer_081,Kerala,Home & Kitchen,Cookware Set,3,5465,10,14755.5,2923.68,Credit Card,2026,5,May,2026-05,19.814170987089557,1639.5
ORD10194,2026-05-18,Customer_161,Andhra Pradesh,Clothing,Shoes,2,4024,0,8048.0,1828.81,Credit Card,2026,5,May,2026-05,22.72378230616302,0.0
ORD10441,2026-05-18,Customer_004,Maharashtra,Electronics,Headphones,4,5340,15,18156.0,3233.35,Credit Card,2026,5,May,2026-05,17.808713372989647,3204.0
ORD10544,2026-05-19,Customer_191,Maharashtra,Furniture,Office Chair,3,11068,0,33204.0,3702.15,Credit Card,2026,5,May,2026-05,11.149710878207445,0.0
ORD10877,2026-05-20,Customer_153,Delhi,Furniture,Bookshelf,2,11682,0,23364.0,3532.13,Debit Card,2026,5,May,2026-05,15.1178308508817,0.0
ORD10898,2026-05-21,Customer_102,Telangana,Home & Kitchen,Bottle,1,1445,0,1445.0,172.77,Net Banking,2026,5,May,2026-05,11.956401384083046,0.0
ORD10469,2026-05-22,Customer_190,Telangana,Electronics,Laptop,2,50498,10,90896.4,10009.16,UPI,2026,5,May,2026-05,11.01161322120568,10099.6
ORD10599,2026-05-23,Customer_157,Kerala,Home & Kitchen,Mixer,5,7243,10,32593.5,8027.7,UPI,2026,5,May,2026-05,24.629757466979612,3621.5
ORD10540,2026-05-24,Customer_164,Delhi,Furniture,Desk,3,12642,0,37926.0,9222.26,Debit Card,2026,5,May,2026-05,24.316458366292252,0.0
ORD10810,2026-05-24,Customer_008,Andhra Pradesh,Electronics,Monitor,3,11745,0,35235.0,7829.05,UPI,2026,5,May,2026-05,22.219526039449413,0.0
ORD10154,2026-05-24,Customer_020,Andhra Pradesh,Clothing,Shoes,1,6257,10,5631.3,998.09,Credit Card,2026,5,May,2026-05,17.723971374283025,625.7
ORD10660,2026-05-24,Customer_156,Delhi,Furniture,Desk,4,13190,20,42208.0,8647.72,Net Banking,2026,5,May,2026-05,20.488343442001515,10552.0
ORD10395,2026-05-25,Customer_153,Delhi,Clothing,Shoes,3,3135,5,8934.75,1316.17,Credit Card,2026,5,May,2026-05,14.730910210134587,470.25
ORD10880,2026-05-26,Customer_011,Telangana,Electronics,Headphones,1,7707,0,7707.0,1815.39,UPI,2026,5,May,2026-05,23.55507979758661,0.0
ORD10918,2026-05-26,Customer_098,Andhra Pradesh,Home & Kitchen,Air Fryer,5,10193,5,48416.75,8304.79,Debit Card,2026,5,May,2026-05,17.152720907537166,2548.25
ORD10601,2026-05-26,Customer_018,Andhra Pradesh,Electronics,Mobile,4,19295,10,69462.0,14993.85,Net Banking,2026,5,May,2026-05,21.58568713829144,7718.0
ORD10042,2026-05-27,Customer_106,Maharashtra,Clothing,Backpack,3,2581,15,6581.55,1231.21,Debit Card,2026,5,May,2026-05,18.706991514157,1161.45
ORD10151,2026-05-27,Customer_111,Delhi,Clothing,Backpack,4,1069,0,4276.0,628.9,Credit Card,2026,5,May,2026-05,14.707670720299346,0.0
ORD10407,2026-05-28,Customer_131,Telangana,Furniture,Bookshelf,4,5606,0,22424.0,3722.57,Cash,2026,5,May,2026-05,16.600829468426685,0.0
ORD10985,2026-05-29,Customer_113,Andhra Pradesh,Home & Kitchen,Cookware Set,3,5243,15,13369.65,2750.27,Net Banking,2026,5,May,2026-05,20.570994753041404,2359.35
ORD10991,2026-05-29,Customer_145,Karnataka,Furniture,Office Chair,1,5628,0,5628.0,845.88,Cash,2026,5,May,2026-05,15.029850746268655,0.0
ORD10133,2026-05-29,Customer_098,Delhi,Electronics,Mobile,4,41516,20,132851.2,20251.92,Net Banking,2026,5,May,2026-05,15.24406253010887,33212.8
ORD10759,2026-05-29,Customer_025,Andhra Pradesh,Electronics,Headphones,2,11860,0,23720.0,5514.64,Credit Card,2026,5,May,2026-05,23.248903878583473,0.0
ORD10008,2026-05-30,Customer_171,Delhi,Electronics,Headphones,3,7411,0,22233.0,4279.9,UPI,2026,5,May,2026-05,19.250213646381503,0.0
ORD10657,2026-05-30,Customer_157,Delhi,Clothing,Jeans,4,2504,0,10016.0,812.29,Debit Card,2026,5,May,2026-05,8.10992412140575,0.0
ORD10202,2026-05-31,Customer_144,Telangana,Home & Kitchen,Bottle,2,960,5,1824.0,409.67,Debit Card,2026,5,May,2026-05,22.459978070175442,96.0
ORD10675,2026-05-31,Customer_034,Karnataka,Home & Kitchen,Bottle,4,559,5,2124.2,378.34,UPI,2026,5,May,2026-05,17.81094058939836,111.8
ORD10329,2026-06-01,Customer_198,Kerala,Home & Kitchen,Cookware Set,5,5506,0,27530.0,6861.76,Credit Card,2026,6,June,2026-06,24.92466400290592,0.0
ORD10718,2026-06-01,Customer_168,Andhra Pradesh,Home & Kitchen,Mixer,5,7501,5,35629.75,4250.05,Cash,2026,6,June,2026-06,11.928374462352389,1875.25
ORD10516,2026-06-01,Customer_061,Delhi,Clothing,Shoes,4,5130,10,18468.0,3875.1,Credit Card,2026,6,June,2026-06,20.982781026640676,2052.0
ORD10016,2026-06-02,Customer_100,Delhi,Electronics,Mobile,4,33038,20,105721.6,15169.77,Cash,2026,6,June,2026-06,14.34878965131061,26430.4
ORD10770,2026-06-03,Customer_147,Maharashtra,Electronics,Laptop,2,53547,5,101739.3,22128.35,Debit Card,2026,6,June,2026-06,21.75005135675201,5354.7
ORD10663,2026-06-03,Customer_158,Andhra Pradesh,Electronics,Laptop,2,60369,0,120738.0,28983.23,Credit Card,2026,6,June,2026-06,24.005060544319104,0.0
ORD10220,2026-06-04,Customer_074,Maharashtra,Clothing,Jeans,1,2647,0,2647.0,268.44,Debit Card,2026,6,June,2026-06,10.14129202871175,0.0
ORD10361,2026-06-05,Customer_087,Andhra Pradesh,Home & Kitchen,Dinner Set,2,4033,10,7259.4,1248.86,Cash,2026,6,June,2026-06,17.203350139129956,806.6
ORD10393,2026-06-05,Customer_140,Telangana,Home & Kitchen,Mixer,1,4541,5,4313.95,588.12,UPI,2026,6,June,2026-06,13.632981374378469,227.05
ORD10478,2026-06-06,Customer_019,Maharashtra,Home & Kitchen,Bottle,4,640,10,2304.0,501.45,UPI,2026,6,June,2026-06,21.764322916666668,256.0
ORD10586,2026-06-06,Customer_015,Telangana,Clothing,T-Shirt,5,763,10,3433.5,551.99,Debit Card,2026,6,June,2026-06,16.076598223387215,381.5
ORD10386,2026-06-06,Customer_169,Kerala,Home & Kitchen,Bottle,3,1495,0,4485.0,632.23,UPI,2026,6,June,2026-06,14.096544035674471,0.0
ORD10222,2026-06-06,Customer_190,Andhra Pradesh,Clothing,Shoes,5,5159,0,25795.0,5018.48,UPI,2026,6,June,2026-06,19.455243264198486,0.0
ORD10201,2026-06-06,Customer_026,Andhra Pradesh,Clothing,Backpack,1,2385,0,2385.0,419.57,Credit Card,2026,6,June,2026-06,17.59203354297694,0.0
ORD10175,2026-06-07,Customer_097,Tamil Nadu,Home & Kitchen,Mixer,2,5012,5,9522.8,1151.21,Cash,2026,6,June,2026-06,12.088986432561853,501.2
ORD10719,2026-06-07,Customer_092,Tamil Nadu,Home & Kitchen,Mixer,4,6618,10,23824.8,5540.59,Credit Card,2026,6,June,2026-06,23.25555723447836,2647.2
ORD10787,2026-06-07,Customer_123,Kerala,Clothing,T-Shirt,4,1661,5,6311.8,1429.25,UPI,2026,6,June,2026-06,22.64409518679299,332.2
ORD10362,2026-06-08,Customer_121,Maharashtra,Electronics,Mobile,1,21428,5,20356.6,1926.25,Credit Card,2026,6,June,2026-06,9.46253303596868,1071.4
ORD10161,2026-06-08,Customer_155,Tamil Nadu,Clothing,Shoes,5,6894,0,34470.0,5151.11,Credit Card,2026,6,June,2026-06,14.943748186829126,0.0
ORD10710,2026-06-09,Customer_103,Maharashtra,Home & Kitchen,Dinner Set,3,4639,0,13917.0,2682.01,Net Banking,2026,6,June,2026-06,19.271466551699362,0.0
ORD10294,2026-06-09,Customer_060,Tamil Nadu,Furniture,Sofa,3,27743,5,79067.55,10932.22,UPI,2026,6,June,2026-06,13.826430691225413,4161.45
ORD10838,2026-06-09,Customer_136,Kerala,Electronics,Mobile,4,40151,10,144543.6,30619.52,Debit Card,2026,6,June,2026-06,21.18358751269513,16060.4
ORD10230,2026-06-10,Customer_140,Tamil Nadu,Electronics,Mobile,5,36370,20,145480.0,22249.8,Debit Card,2026,6,June,2026-06,15.29406103931812,36370.0
ORD10193,2026-06-10,Customer_156,Kerala,Electronics,Mobile,5,33174,5,157576.5,28084.42,Credit Card,2026,6,June,2026-06,17.822721027564388,8293.5
ORD10028,2026-06-11,Customer_170,Andhra Pradesh,Furniture,Desk,3,12629,10,34098.3,2970.83,Debit Card,2026,6,June,2026-06,8.712545786740101,3788.7
ORD10450,2026-06-12,Customer_079,Andhra Pradesh,Furniture,Desk,4,6785,10,24426.0,2549.83,Net Banking,2026,6,June,2026-06,10.438999426840253,2714.0
ORD10553,2026-06-13,Customer_037,Maharashtra,Electronics,Laptop,4,79631,5,302597.8,30738.05,Credit Card,2026,6,June,2026-06,10.158054685129898,15926.2
ORD10186,2026-06-13,Customer_117,Delhi,Electronics,Keyboard,2,840,10,1512.0,141.84,UPI,2026,6,June,2026-06,9.380952380952381,168.0
ORD10669,2026-06-13,Customer_027,Telangana,Electronics,Monitor,1,21145,20,16916.0,2524.75,Net Banking,2026,6,June,2026-06,14.925218727831638,4229.0
ORD10570,2026-06-13,Customer_100,Tamil Nadu,Clothing,T-Shirt,5,1872,0,9360.0,1409.85,UPI,2026,6,June,2026-06,15.062499999999998,0.0
ORD10073,2026-06-13,Customer_029,Tamil Nadu,Electronics,Headphones,1,10346,0,10346.0,2244.29,Cash,2026,6,June,2026-06,21.692344867581674,0.0
ORD10593,2026-06-14,Customer_115,Karnataka,Electronics,Monitor,3,12363,20,29671.2,3587.66,Credit Card,2026,6,June,2026-06,12.091388282240016,7417.8
ORD10303,2026-06-14,Customer_002,Kerala,Clothing,T-Shirt,3,1773,5,5053.05,1074.12,Cash,2026,6,June,2026-06,21.256864665894852,265.95
ORD10517,2026-06-14,Customer_166,Telangana,Home & Kitchen,Mixer,1,5711,0,5711.0,965.03,Debit Card,2026,6,June,2026-06,16.897741201190684,0.0
ORD10277,2026-06-14,Customer_012,Telangana,Electronics,Keyboard,3,2612,5,7444.2,1734.83,Debit Card,2026,6,June,2026-06,23.304451787969157,391.8
ORD10088,2026-06-15,Customer_163,Telangana,Electronics,Monitor,3,22230,10,60021.0,7936.38,UPI,2026,6,June,2026-06,13.222672064777328,6669.0
ORD10730,2026-06-16,Customer_197,Karnataka,Home & Kitchen,Air Fryer,4,9832,0,39328.0,5891.97,Credit Card,2026,6,June,2026-06,14.981616151342555,0.0
ORD10507,2026-06-17,Customer_041,Kerala,Home & Kitchen,Dinner Set,3,3211,5,9151.35,2222.41,Net Banking,2026,6,June,2026-06,24.285050839493625,481.65
ORD10851,2026-06-17,Customer_052,Andhra Pradesh,Clothing,T-Shirt,3,1627,10,4392.9,730.62,UPI,2026,6,June,2026-06,16.631837738168407,488.1
ORD10961,2026-06-18,Customer_047,Telangana,Electronics,Headphones,5,3468,0,17340.0,4203.67,Debit Card,2026,6,June,2026-06,24.242618223760093,0.0
ORD10973,2026-06-18,Customer_052,Maharashtra,Electronics,Laptop,2,50722,5,96371.8,10973.6,Debit Card,2026,6,June,2026-06,11.386733463523562,5072.2
ORD10698,2026-06-18,Customer_136,Andhra Pradesh,Furniture,Table,3,11818,15,30135.9,4461.72,Debit Card,2026,6,June,2026-06,14.805331846734294,5318.1
ORD10180,2026-06-19,Customer_026,Delhi,Clothing,T-Shirt,3,1899,20,4557.6,672.19,Net Banking,2026,6,June,2026-06,14.748771283131473,1139.4
ORD10904,2026-06-20,Customer_022,Telangana,Clothing,Backpack,3,3293,15,8397.15,1158.9,Debit Card,2026,6,June,2026-06,13.801111091263108,1481.85
ORD10673,2026-06-20,Customer_024,Delhi,Furniture,Sofa,3,23244,0,69732.0,5846.05,Net Banking,2026,6,June,2026-06,8.383597200711295,0.0
ORD10920,2026-06-20,Customer_183,Maharashtra,Home & Kitchen,Air Fryer,2,9787,5,18595.3,4198.45,Debit Card,2026,6,June,2026-06,22.578017025807597,978.7
ORD10917,2026-06-20,Customer_090,Tamil Nadu,Furniture,Table,4,14572,0,58288.0,7126.46,Debit Card,2026,6,June,2026-06,12.22629014548449,0.0
ORD10889,2026-06-21,Customer_056,Andhra Pradesh,Home & Kitchen,Air Fryer,4,5776,5,21948.8,2200.45,Net Banking,2026,6,June,2026-06,10.025377241580404,1155.2
ORD10108,2026-06-21,Customer_171,Kerala,Home & Kitchen,Dinner Set,1,1935,20,1548.0,184.76,Credit Card,2026,6,June,2026-06,11.935400516795864,387.0
ORD10045,2026-06-21,Customer_173,Andhra Pradesh,Home & Kitchen,Dinner Set,2,3696,10,6652.8,1133.1,UPI,2026,6,June,2026-06,17.031926406926406,739.2
ORD10127,2026-06-22,Customer_186,Kerala,Furniture,Bookshelf,4,3948,10,14212.8,2851.15,Cash,2026,6,June,2026-06,20.06043847799167,1579.2
ORD10089,2026-06-22,Customer_055,Telangana,Home & Kitchen,Cookware Set,5,5933,0,29665.0,5129.02,Credit Card,2026,6,June,2026-06,17.28980279791,0.0
ORD10943,2026-06-22,Customer_112,Andhra Pradesh,Home & Kitchen,Cookware Set,4,1744,20,5580.8,759.69,Cash,2026,6,June,2026-06,13.612564506880734,1395.2
ORD10433,2026-06-23,Customer_063,Tamil Nadu,Electronics,Keyboard,1,1978,10,1780.2,260.97,UPI,2026,6,June,2026-06,14.65958881024604,197.8
ORD10921,2026-06-24,Customer_119,Karnataka,Electronics,Laptop,4,73328,5,278646.4,26903.97,UPI,2026,6,June,2026-06,9.655236888041618,14665.6
ORD10882,2026-06-25,Customer_118,Maharashtra,Furniture,Sofa,1,47983,0,47983.0,9893.6,UPI,2026,6,June,2026-06,20.6189692182648,0.0
ORD10998,2026-06-25,Customer_093,Kerala,Home & Kitchen,Cookware Set,4,4265,0,17060.0,1884.21,Net Banking,2026,6,June,2026-06,11.044607268464244,0.0
ORD10283,2026-06-26,Customer_176,Maharashtra,Furniture,Bookshelf,5,7492,15,31841.0,2553.3,Debit Card,2026,6,June,2026-06,8.01890644138061,5619.0
ORD10724,2026-06-27,Customer_132,Tamil Nadu,Electronics,Mobile,5,41796,0,208980.0,34483.77,UPI,2026,6,June,2026-06,16.50099052540913,0.0
ORD10265,2026-06-28,Customer_133,Telangana,Clothing,T-Shirt,2,1391,0,2782.0,459.16,Debit Card,2026,6,June,2026-06,16.50467289719626,0.0
ORD10327,2026-06-28,Customer_106,Tamil Nadu,Clothing,Shoes,2,4202,0,8404.0,1432.19,UPI,2026,6,June,2026-06,17.04176582579724,0.0
ORD10375,2026-06-29,Customer_093,Maharashtra,Electronics,Keyboard,2,1174,0,2348.0,432.78,UPI,2026,6,June,2026-06,18.431856899488924,0.0
ORD10199,2026-06-30,Customer_117,Andhra Pradesh,Electronics,Mobile,2,12778,10,23000.4,3511.53,UPI,2026,6,June,2026-06,15.267256221630928,2555.6
ORD10470,2026-06-30,Customer_033,Delhi,Home & Kitchen,Air Fryer,4,6390,5,24282.0,4923.21,Debit Card,2026,6,June,2026-06,20.275142080553497,1278.0
ORD10006,2026-06-30,Customer_032,Delhi,Home & Kitchen,Dinner Set,3,1778,0,5334.0,982.39,Cash,2026,6,June,2026-06,18.4175103112111,0.0
ORD10302,2026-06-30,Customer_064,Tamil Nadu,Electronics,Laptop,4,78755,10,283518.0,57814.9,UPI,2026,6,June,2026-06,20.391968058465423,31502.0
